ID,purchaseOrder_ID,itemNumber,product_ID,quantity,unitOfMeasure,unitPrice,discountPercentage,netAmount,tax_ID,taxPercentage,taxAmount,totalAmount,currency,requestedDeliveryDate,remarks,purchaseRequisitionItem_ID,createdAt,createdBy,modifiedAt,modifiedBy
475df67e-370c-46f1-9967-a29864638851,a1186cb9-ff1e-4c0f-85e6-be567cba49f8,1,fdfd8e93-cf32-40bf-9a6a-a9a591a0f9b8,2.000,EA,193000.00,2.00,378280.00,ca65b9a7-6c9e-4b81-8371-9cbe6ee8680d,31.00,117266.80,495546.80,INR,2026-03-14,Order line for RE Classic 350,c68b5328-196b-477f-a617-d1d0326d0f70,2026-02-24T07:05:00Z,fulfillment.ops,2026-02-27T07:05:00Z,sales.ops
7a345cba-b0b0-458c-9c30-3e3e3fddfc52,63d7e315-3072-4f7e-8202-55f280ebb1ae,1,ac05facd-af60-4de8-b34d-fe589e504ae7,3.000,EA,199000.00,0.00,597000.00,ca65b9a7-6c9e-4b81-8371-9cbe6ee8680d,31.00,185070.00,782070.00,INR,2026-04-08,Order line for RE Meteor 350,a357f987-5fcf-46e6-8e3f-82baefaff0d7,2026-03-21T03:31:00Z,finance.team,2026-03-26T06:31:00Z,finance.team
a01c847d-d5af-40a0-94bc-c1e5016f5b15,ca302995-5e0a-44dc-b523-d457fd9d7755,1,c9230c2e-9c75-4cbc-897f-47cae21c6f1f,4.000,EA,289000.00,0.00,1156000.00,ca65b9a7-6c9e-4b81-8371-9cbe6ee8680d,31.00,358360.00,1514360.00,INR,2026-02-26,Order line for RE Himalayan 450,4ffed416-5ed6-4f9b-8cd2-3d09d420b709,2026-02-08T08:15:00Z,onboarding.team,2026-02-18T16:15:00Z,system
4de7d1d8-3af3-4b5c-a243-1b5261964b0b,0c400cfd-da3b-4004-96cc-6cb01f711fca,1,68fab7d2-63cb-4bed-9669-86a79995f31a,5.000,EA,149000.00,2.00,730100.00,ca65b9a7-6c9e-4b81-8371-9cbe6ee8680d,31.00,226331.00,956431.00,INR,2025-12-14,Order line for RE Hunter 350,535f5d49-d2c0-4e37-8637-9d6335c79343,2025-11-26T10:32:00Z,finance.team,2025-12-03T16:32:00Z,finance.team
359041c4-cdc9-4346-8a45-4e23f462faa6,c29b4361-70e4-4870-8e27-d02bb8e49957,1,feccc697-a0b3-4d0f-a703-9e7bd7464c67,2.000,EA,320000.00,0.00,640000.00,ca65b9a7-6c9e-4b81-8371-9cbe6ee8680d,31.00,198400.00,838400.00,INR,2026-01-23,Order line for RE Continental GT 650,b81e3a17-333c-4cc7-bb38-e1e84926089c,2026-01-05T09:17:00Z,onboarding.team,2026-01-25T15:17:00Z,dealer360.admin
cc597f1c-b70d-4317-a1fa-0fc04dca8976,d99a2c46-f1be-475d-a119-b72fff822901,1,0ae20383-60cf-42df-8a2f-1315aecb4254,3.000,EA,310000.00,0.00,930000.00,ca65b9a7-6c9e-4b81-8371-9cbe6ee8680d,31.00,288300.00,1218300.00,INR,2025-12-06,Order line for RE Interceptor 650,85a858bf-f19f-4b6a-8d49-3c6e6500bc19,2025-11-18T08:34:00Z,system,2025-12-07T11:34:00Z,onboarding.team
c553aa50-c305-446c-aaa9-d741d7154e54,53179412-42f8-4ad5-8228-c03a3b4b43c8,1,a6d03314-5d3d-4b7b-a5c5-db2fd1e0769f,4.000,EA,349000.00,2.00,1368080.00,ca65b9a7-6c9e-4b81-8371-9cbe6ee8680d,31.00,424104.80,1792184.80,INR,2026-02-23,Order line for RE Super Meteor 650,0d851acc-3637-49d2-a97e-76df4e2edbfa,2026-02-05T06:55:00Z,credit.controller,2026-02-17T06:55:00Z,credit.controller
1382d148-3614-45f0-ac64-ca94ed623cd3,d0db36aa-c1e2-481b-be1a-ab10630eef94,1,133e2718-5f1f-498a-97cc-f41f28e3b343,5.000,EA,203000.00,0.00,1015000.00,ca65b9a7-6c9e-4b81-8371-9cbe6ee8680d,31.00,314650.00,1329650.00,INR,2026-05-17,Order line for RE Scram 411,5b782dda-f2ff-443c-bfc6-dd5c8314c459,2026-04-29T07:02:00Z,sales.ops,2026-05-07T08:02:00Z,finance.team
4a1162f9-d808-4fa0-8ac0-bc56a6b94af5,0334d3e9-8cd7-408b-ae02-ffeaa2d4bdaf,1,eee37578-05a4-4797-850f-5b364e75c4e5,2.000,EA,173000.00,0.00,346000.00,ca65b9a7-6c9e-4b81-8371-9cbe6ee8680d,31.00,107260.00,453260.00,INR,2026-04-19,Order line for RE Bullet 350,68004dde-88f8-4c7f-b6c8-663619a39b4f,2026-04-01T03:31:00Z,credit.controller,2026-04-12T08:31:00Z,system
6b870941-e159-40e3-bd34-81824b22ca77,0aa6751a-2cb3-49d4-8446-4a430e7a5a0d,1,3f7b7500-3aa3-436c-8627-ff7d5512f37c,3.000,EA,359000.00,2.00,1055460.00,ca65b9a7-6c9e-4b81-8371-9cbe6ee8680d,31.00,327192.60,1382652.60,INR,2026-02-22,Order line for RE Shotgun 650,5854f604-dfc7-4759-b30b-e3b3a8d0642b,2026-02-04T02:33:00Z,system,2026-02-07T06:33:00Z,fulfillment.ops
84a4a370-b43f-4e04-a11c-463f5c0463f1,ce2cbf86-816a-44f9-934d-eaa69bce8e11,1,cea33d2c-6617-4b1e-a8b2-f84a007f5ff0,4.000,EA,450.00,0.00,1800.00,9d5a86b3-2682-438a-b335-790515d3cf57,18.00,324.00,2124.00,INR,2026-04-19,Order line for Engine Oil Filter Kit,,2026-04-01T03:04:00Z,onboarding.team,2026-04-20T09:04:00Z,sales.ops
e9d69ca8-5aae-4be0-be45-0a41b504f646,b8cf2881-6c60-4ba5-9553-9ee06e695cfd,1,3096e696-591e-40f5-8f14-f5e30e846cc8,5.000,EA,3200.00,0.00,16000.00,9d5a86b3-2682-438a-b335-790515d3cf57,18.00,2880.00,18880.00,INR,2026-04-19,Order line for Clutch Plate Assembly,,2026-04-01T02:54:00Z,system,2026-04-12T07:54:00Z,finance.team
44c0e44c-4417-407d-ac3a-0524618b5846,cf44a552-e0cb-48a4-9d4f-a6339ee49983,1,cb8ce79a-e2eb-4704-8c78-82f6461c6e89,2.000,EA,4500.00,2.00,8820.00,9d5a86b3-2682-438a-b335-790515d3cf57,18.00,1587.60,10407.60,INR,2026-04-14,Order line for Front Brake Disc Rotor,,2026-03-27T08:55:00Z,finance.team,2026-04-05T09:55:00Z,fulfillment.ops
f4746348-6751-4f1d-bca3-7be12bb75528,741a95d3-fe82-4ebf-a4c0-b07189177324,1,5970ffd3-ece6-4ad6-814b-3fd7e9a74148,3.000,EA,6800.00,0.00,20400.00,9d5a86b3-2682-438a-b335-790515d3cf57,18.00,3672.00,24072.00,INR,2026-04-16,Order line for LED Headlamp Assembly,,2026-03-29T05:14:00Z,purchasing.mgr,2026-04-01T08:14:00Z,sales.ops
57d6ea74-5c4c-417e-9f72-66dfab12c5b8,8db90b39-fe81-4cc2-b5e2-a1b9f5f38eb2,1,b69b640e-ea44-4644-9480-a3d37d48979f,4.000,EA,15000.00,0.00,60000.00,9d5a86b3-2682-438a-b335-790515d3cf57,18.00,10800.00,70800.00,INR,2026-02-28,Order line for Fuel Tank Panel Set,,2026-02-10T03:44:00Z,finance.team,2026-02-15T08:44:00Z,onboarding.team
d53554e6-8ee8-4b49-914c-cfa64d567911,4628f2e2-6c4a-43cf-a421-6de6579d6fdb,1,074e74a0-a08b-4552-8934-c785894750b4,5.000,EA,5200.00,2.00,25480.00,9d5a86b3-2682-438a-b335-790515d3cf57,18.00,4586.40,30066.40,INR,2025-11-22,Order line for Saddle Stay Pannier Rails,,2025-11-04T05:22:00Z,onboarding.team,2025-11-17T07:22:00Z,onboarding.team
2e333980-2131-485f-b730-d93111b4bdbe,cd32592a-0c2f-4d36-b8f0-806ccec07dd3,1,9a88bb0b-43b8-4147-b027-0ca1cdced307,2.000,EA,4200.00,0.00,8400.00,9d5a86b3-2682-438a-b335-790515d3cf57,18.00,1512.00,9912.00,INR,2026-03-24,Order line for Touring Windscreen Kit,,2026-03-06T07:36:00Z,finance.team,2026-03-11T14:36:00Z,finance.team
af0bc639-6fca-4072-9c28-295e5581ec5c,1c75ceee-eb78-4596-b497-76a1664c43bb,1,995fe1f7-b283-4f81-b53a-359d3862b739,3.000,EA,1800.00,0.00,5400.00,9d5a86b3-2682-438a-b335-790515d3cf57,18.00,972.00,6372.00,INR,2026-04-15,Order line for USB Charging Console,,2026-03-28T07:39:00Z,finance.team,2026-04-12T11:39:00Z,finance.team
e4aa6663-08b7-4036-877a-8b1eac830f63,2d5c33d6-59f6-4155-9576-9844f973be86,1,f02c1f93-f492-4208-a51e-bb6831cd79bd,4.000,EA,8500.00,2.00,33320.00,9d5a86b3-2682-438a-b335-790515d3cf57,18.00,5997.60,39317.60,INR,2026-03-09,Order line for Riding Jacket All-Weather,f1e50ed2-f4af-411f-9bda-0c3d2c0bcbab,2026-02-19T05:29:00Z,dealer360.admin,2026-03-01T12:29:00Z,fulfillment.ops
958ef245-36e0-4b7a-958d-0185cef09398,d2d483f3-233b-4454-ba49-3616c441460d,1,18a98bf6-7b8f-4aed-841e-f3eccab1f856,5.000,EA,6500.00,0.00,32500.00,9d5a86b3-2682-438a-b335-790515d3cf57,18.00,5850.00,38350.00,INR,2026-05-04,Order line for Full Face Helmet DOT Certified,7b3a44a1-b3b3-4f7f-b2ae-3b1132e6915c,2026-04-16T09:10:00Z,finance.team,2026-04-16T16:10:00Z,credit.controller