ID,purchaseOrder_ID,approvalLevel,status,approverUserId,approverName,approverEmail,requestedAt,approvedAt,rejectedAt,comments,bpaInstanceId,createdAt,createdBy,modifiedAt,modifiedBy
2f637648-2324-474f-9337-ddfc7a9cfa19,a1186cb9-ff1e-4c0f-85e6-be567cba49f8,L1,APPROVED,purchasing.mgr,Ananya Krishnan,purchasing.mgr@dealer360.example.com,2026-02-25T06:05:00Z,2026-03-09T14:05:00Z,,Purchase order approved within credit and budget limits,BPA-PO-9500,2026-02-25T06:05:00Z,system,2026-03-09T14:05:00Z,onboarding.team
cfd37f86-8f90-4c3f-9b0e-22a0ce09f1c7,63d7e315-3072-4f7e-8202-55f280ebb1ae,L1,APPROVED,purchasing.mgr,Ananya Krishnan,purchasing.mgr@dealer360.example.com,2026-03-22T02:31:00Z,2026-04-06T08:31:00Z,,Purchase order approved within credit and budget limits,BPA-PO-9501,2026-03-22T02:31:00Z,system,2026-04-06T08:31:00Z,system
787f9383-7272-44d0-8b58-f8ddee4447f8,ca302995-5e0a-44dc-b523-d457fd9d7755,L1,APPROVED,purchasing.mgr,Ananya Krishnan,purchasing.mgr@dealer360.example.com,2026-02-09T07:15:00Z,2026-02-14T08:15:00Z,,Purchase order approved within credit and budget limits,BPA-PO-9502,2026-02-09T07:15:00Z,dealer360.admin,2026-02-14T08:15:00Z,credit.controller
bb08f0da-915b-4d1e-ab88-bb43cdbbd8a9,0c400cfd-da3b-4004-96cc-6cb01f711fca,L1,APPROVED,purchasing.mgr,Ananya Krishnan,purchasing.mgr@dealer360.example.com,2025-11-27T09:32:00Z,2025-12-06T09:32:00Z,,Purchase order approved within credit and budget limits,BPA-PO-9503,2025-11-27T09:32:00Z,purchasing.mgr,2025-12-06T09:32:00Z,credit.controller
24864cda-73ae-4c8a-a0ef-7e6caf64fb7e,c29b4361-70e4-4870-8e27-d02bb8e49957,L1,APPROVED,purchasing.mgr,Ananya Krishnan,purchasing.mgr@dealer360.example.com,2026-01-06T08:17:00Z,2026-01-23T12:17:00Z,,Purchase order approved within credit and budget limits,BPA-PO-9504,2026-01-06T08:17:00Z,finance.team,2026-01-23T12:17:00Z,system
efa57f48-36ce-43f7-a702-15a6f0053a01,d99a2c46-f1be-475d-a119-b72fff822901,L1,APPROVED,purchasing.mgr,Ananya Krishnan,purchasing.mgr@dealer360.example.com,2025-11-19T07:34:00Z,2025-12-07T14:34:00Z,,Purchase order approved within credit and budget limits,BPA-PO-9505,2025-11-19T07:34:00Z,sales.ops,2025-12-07T14:34:00Z,sales.ops
eee04552-1ef4-4ecb-b7dd-0659b8e9207c,53179412-42f8-4ad5-8228-c03a3b4b43c8,L1,APPROVED,purchasing.mgr,Ananya Krishnan,purchasing.mgr@dealer360.example.com,2026-02-06T05:55:00Z,2026-02-14T13:55:00Z,,Purchase order approved within credit and budget limits,BPA-PO-9506,2026-02-06T05:55:00Z,fulfillment.ops,2026-02-14T13:55:00Z,dealer360.admin
b846dfaa-5fb8-43ce-9d53-58b9310621ad,d0db36aa-c1e2-481b-be1a-ab10630eef94,L1,APPROVED,purchasing.mgr,Ananya Krishnan,purchasing.mgr@dealer360.example.com,2026-04-30T06:02:00Z,2026-05-14T14:02:00Z,,Purchase order approved within credit and budget limits,BPA-PO-9507,2026-04-30T06:02:00Z,credit.controller,2026-05-14T14:02:00Z,onboarding.team
5e157a09-aaf8-4960-9253-c4142dffa2fe,0334d3e9-8cd7-408b-ae02-ffeaa2d4bdaf,L1,APPROVED,purchasing.mgr,Ananya Krishnan,purchasing.mgr@dealer360.example.com,2026-04-02T02:31:00Z,2026-04-05T05:31:00Z,,Purchase order approved within credit and budget limits,BPA-PO-9508,2026-04-02T02:31:00Z,purchasing.mgr,2026-04-05T05:31:00Z,dealer360.admin
98f88c16-84ce-4510-9163-53512391c352,0aa6751a-2cb3-49d4-8446-4a430e7a5a0d,L1,APPROVED,purchasing.mgr,Ananya Krishnan,purchasing.mgr@dealer360.example.com,2026-02-05T01:33:00Z,2026-02-19T05:33:00Z,,Purchase order approved within credit and budget limits,BPA-PO-9509,2026-02-05T01:33:00Z,fulfillment.ops,2026-02-19T05:33:00Z,sales.ops
39513236-147c-4d72-abdc-c4984984641f,ce2cbf86-816a-44f9-934d-eaa69bce8e11,L1,APPROVED,purchasing.mgr,Ananya Krishnan,purchasing.mgr@dealer360.example.com,2026-04-02T02:04:00Z,2026-04-16T03:04:00Z,,Purchase order approved within credit and budget limits,BPA-PO-9510,2026-04-02T02:04:00Z,credit.controller,2026-04-16T03:04:00Z,credit.controller
910c36d4-9174-499b-b3d1-d336b98b9222,b8cf2881-6c60-4ba5-9553-9ee06e695cfd,L1,APPROVED,purchasing.mgr,Ananya Krishnan,purchasing.mgr@dealer360.example.com,2026-04-02T01:54:00Z,2026-04-20T06:54:00Z,,Purchase order approved within credit and budget limits,BPA-PO-9511,2026-04-02T01:54:00Z,onboarding.team,2026-04-20T06:54:00Z,finance.team
be3ae6b6-b031-40a7-8065-77d72a0f9e9e,cf44a552-e0cb-48a4-9d4f-a6339ee49983,L1,PENDING,purchasing.mgr,Ananya Krishnan,purchasing.mgr@dealer360.example.com,2026-03-28T07:55:00Z,,,,BPA-PO-9512,2026-03-28T07:55:00Z,credit.controller,2026-04-16T09:55:00Z,credit.controller
2cae03c6-340a-48ad-b4fb-1be4482962b6,741a95d3-fe82-4ebf-a4c0-b07189177324,L1,PENDING,purchasing.mgr,Ananya Krishnan,purchasing.mgr@dealer360.example.com,2026-03-30T04:14:00Z,,,,BPA-PO-9513,2026-03-30T04:14:00Z,purchasing.mgr,2026-03-31T09:14:00Z,finance.team
6e7a8e42-c595-4e80-b3dd-cf7b2836e8cd,8db90b39-fe81-4cc2-b5e2-a1b9f5f38eb2,L1,PENDING,purchasing.mgr,Ananya Krishnan,purchasing.mgr@dealer360.example.com,2026-02-11T02:44:00Z,,,,BPA-PO-9514,2026-02-11T02:44:00Z,purchasing.mgr,2026-02-21T06:44:00Z,purchasing.mgr
a7975f84-6279-4127-b736-9a335f8c1ad3,4628f2e2-6c4a-43cf-a421-6de6579d6fdb,L1,APPROVED,purchasing.mgr,Ananya Krishnan,purchasing.mgr@dealer360.example.com,2025-11-05T04:22:00Z,2025-11-21T05:22:00Z,,Purchase order approved within credit and budget limits,BPA-PO-9515,2025-11-05T04:22:00Z,finance.team,2025-11-21T05:22:00Z,onboarding.team
9ee53655-b7d2-4316-801a-d7d8f5464135,cd32592a-0c2f-4d36-b8f0-806ccec07dd3,L1,APPROVED,purchasing.mgr,Ananya Krishnan,purchasing.mgr@dealer360.example.com,2026-03-07T06:36:00Z,2026-03-08T10:36:00Z,,Purchase order approved within credit and budget limits,BPA-PO-9516,2026-03-07T06:36:00Z,finance.team,2026-03-08T10:36:00Z,finance.team
15d79a99-6e03-4d5f-931b-98e5899f3de2,1c75ceee-eb78-4596-b497-76a1664c43bb,L1,REJECTED,purchasing.mgr,Ananya Krishnan,purchasing.mgr@dealer360.example.com,2026-03-29T06:39:00Z,,2026-04-05T08:39:00Z,Rejected due to credit policy violation,BPA-PO-9517,2026-03-29T06:39:00Z,fulfillment.ops,2026-04-05T08:39:00Z,credit.controller
b2583237-5abf-4933-a03f-ffb2d7b12a10,2d5c33d6-59f6-4155-9576-9844f973be86,L1,APPROVED,purchasing.mgr,Ananya Krishnan,purchasing.mgr@dealer360.example.com,2026-02-20T04:29:00Z,2026-03-04T11:29:00Z,,Purchase order approved within credit and budget limits,BPA-PO-9518,2026-02-20T04:29:00Z,finance.team,2026-03-04T11:29:00Z,purchasing.mgr
775a5177-897a-4be5-9456-42adfd276d44,d2d483f3-233b-4454-ba49-3616c441460d,L1,APPROVED,purchasing.mgr,Ananya Krishnan,purchasing.mgr@dealer360.example.com,2026-04-17T08:10:00Z,2026-05-07T14:10:00Z,,Purchase order approved within credit and budget limits,BPA-PO-9519,2026-04-17T08:10:00Z,onboarding.team,2026-05-07T14:10:00Z,system