ID,dealer_ID,transactionType,transactionStatus,amount,currency,referenceType,referenceId,description,transactionDate,postedAt,postedBy,reversalOf_ID,createdAt,createdBy,modifiedAt,modifiedBy
a0613f50-3c16-4d09-a5a9-7d2a2ceab89f,37b4babf-6f65-47f0-a0fe-3a4b971961b5,CREDIT,POSTED,2500000.00,INR,CREDIT_FACILITY_GRANT,CR-GRANT-3000,Initial credit facility sanctioned during dealer onboarding,2026-01-30T06:05:00Z,2026-01-31T08:05:00Z,credit.controller,,2026-01-25T06:05:00Z,purchasing.mgr,2026-01-31T08:05:00Z,dealer360.admin
e9ef6940-bd15-4f88-bc55-e71f6c6f5c68,c9fd56df-9bb4-4a42-a284-c2a13e850116,CREDIT,POSTED,3000000.00,INR,CREDIT_FACILITY_GRANT,CR-GRANT-3001,Initial credit facility sanctioned during dealer onboarding,2026-02-23T02:31:00Z,2026-03-10T09:31:00Z,credit.controller,,2026-02-18T02:31:00Z,fulfillment.ops,2026-03-10T09:31:00Z,sales.ops
be303552-7c9f-4b08-9234-f8fb1d785bd8,91367b89-8aa1-4862-ba50-5c96ec23d516,CREDIT,POSTED,3500000.00,INR,CREDIT_FACILITY_GRANT,CR-GRANT-3002,Initial credit facility sanctioned during dealer onboarding,2026-01-12T07:15:00Z,2026-01-23T08:15:00Z,credit.controller,,2026-01-07T07:15:00Z,purchasing.mgr,2026-01-23T08:15:00Z,sales.ops
51d20ca3-f721-486c-8678-9710e062594a,f2baf2d8-62fe-4c3a-a886-6259edc1e303,CREDIT,POSTED,4000000.00,INR,CREDIT_FACILITY_GRANT,CR-GRANT-3003,Initial credit facility sanctioned during dealer onboarding,2025-10-29T09:32:00Z,2025-10-29T13:32:00Z,credit.controller,,2025-10-24T09:32:00Z,system,2025-10-29T13:32:00Z,finance.team
24983681-7d2b-49c9-b025-a3d25c39a2f7,17acb60a-8bea-4d3e-87a2-b09cea5883ce,CREDIT,POSTED,4500000.00,INR,CREDIT_FACILITY_GRANT,CR-GRANT-3004,Initial credit facility sanctioned during dealer onboarding,2025-12-07T08:17:00Z,2025-12-15T09:17:00Z,credit.controller,,2025-12-02T08:17:00Z,credit.controller,2025-12-15T09:17:00Z,system
811bff68-6118-4633-bf3d-2e392b05656c,e35e0199-55da-4807-827c-fa327aa19fbf,CREDIT,POSTED,5000000.00,INR,CREDIT_FACILITY_GRANT,CR-GRANT-3005,Initial credit facility sanctioned during dealer onboarding,2025-10-19T07:34:00Z,2025-10-25T07:34:00Z,credit.controller,,2025-10-14T07:34:00Z,onboarding.team,2025-10-25T07:34:00Z,dealer360.admin
2fdac624-531f-4f75-bbd0-7d891bd2a7a1,8cdbae52-de09-4510-aec5-04400cc5b0c9,CREDIT,POSTED,5500000.00,INR,CREDIT_FACILITY_GRANT,CR-GRANT-3006,Initial credit facility sanctioned during dealer onboarding,2026-01-05T05:55:00Z,2026-01-12T13:55:00Z,credit.controller,,2025-12-31T05:55:00Z,fulfillment.ops,2026-01-12T13:55:00Z,credit.controller
66898818-1448-4826-8cea-eb6f75a12de4,7f7722ee-524f-452b-bcd7-984263a1479f,CREDIT,POSTED,6000000.00,INR,CREDIT_FACILITY_GRANT,CR-GRANT-3007,Initial credit facility sanctioned during dealer onboarding,2026-03-28T06:02:00Z,2026-04-04T07:02:00Z,credit.controller,,2026-03-23T06:02:00Z,fulfillment.ops,2026-04-04T07:02:00Z,credit.controller
91d7dd72-475a-4a16-9249-2bdbb793e7e6,f07a0c9a-cec2-4461-87e0-df0b06326677,CREDIT,POSTED,6500000.00,INR,CREDIT_FACILITY_GRANT,CR-GRANT-3008,Initial credit facility sanctioned during dealer onboarding,2026-02-27T02:31:00Z,2026-02-22T07:31:00Z,credit.controller,,2026-02-22T02:31:00Z,sales.ops,2026-02-22T07:31:00Z,fulfillment.ops
387765e9-e62b-411b-b3b6-07edb207acf1,99617baf-da8f-403a-b67b-1a8adc416b6d,CREDIT,POSTED,7000000.00,INR,CREDIT_FACILITY_GRANT,CR-GRANT-3009,Initial credit facility sanctioned during dealer onboarding,2026-01-01T01:33:00Z,2025-12-31T03:33:00Z,credit.controller,,2025-12-27T01:33:00Z,dealer360.admin,2025-12-31T03:33:00Z,purchasing.mgr
641af83d-68c0-4583-8628-72cb6eb65343,fd680e8f-2f6e-4d65-9547-65d27cc337a5,CREDIT,POSTED,7500000.00,INR,CREDIT_FACILITY_GRANT,CR-GRANT-3010,Initial credit facility sanctioned during dealer onboarding,2026-02-25T02:04:00Z,2026-03-07T04:04:00Z,credit.controller,,2026-02-20T02:04:00Z,system,2026-03-07T04:04:00Z,system
7aaa36e9-b5f7-4019-a916-5008c92f3814,6304588e-d795-48da-870b-744ab77d757d,CREDIT,POSTED,8000000.00,INR,CREDIT_FACILITY_GRANT,CR-GRANT-3011,Initial credit facility sanctioned during dealer onboarding,2026-02-24T01:54:00Z,2026-03-10T01:54:00Z,credit.controller,,2026-02-19T01:54:00Z,sales.ops,2026-03-10T01:54:00Z,dealer360.admin
1043d9a3-2deb-4233-9620-2caf22c48fd5,3aba12b5-0499-48cb-88c1-a61a7274ae6b,CREDIT,POSTED,8500000.00,INR,CREDIT_FACILITY_GRANT,CR-GRANT-3012,Initial credit facility sanctioned during dealer onboarding,2026-02-18T07:55:00Z,2026-02-21T10:55:00Z,credit.controller,,2026-02-13T07:55:00Z,finance.team,2026-02-21T10:55:00Z,onboarding.team
749432da-8123-411a-b789-cbaca8336874,4be48349-2ff6-48c0-9868-d88df4b72287,CREDIT,POSTED,9000000.00,INR,CREDIT_FACILITY_GRANT,CR-GRANT-3013,Initial credit facility sanctioned during dealer onboarding,2026-02-19T04:14:00Z,2026-02-17T08:14:00Z,credit.controller,,2026-02-14T04:14:00Z,credit.controller,2026-02-17T08:14:00Z,purchasing.mgr
dc90f88f-e57a-4424-b3d0-d19d2ef4924b,058d0f40-912c-44c5-9c8d-875f37aa4044,CREDIT,POSTED,9500000.00,INR,CREDIT_FACILITY_GRANT,CR-GRANT-3014,Initial credit facility sanctioned during dealer onboarding,2026-01-02T02:44:00Z,2025-12-31T02:44:00Z,credit.controller,,2025-12-28T02:44:00Z,credit.controller,2025-12-31T02:44:00Z,onboarding.team
6feceb6f-6247-4d3a-aa7f-e8116d8fef5e,8cc0b7e7-5fbd-4dbf-86e5-00e4ce326c91,CREDIT,POSTED,10000000.00,INR,CREDIT_FACILITY_GRANT,CR-GRANT-3015,Initial credit facility sanctioned during dealer onboarding,2025-09-25T04:22:00Z,2025-10-10T11:22:00Z,credit.controller,,2025-09-20T04:22:00Z,sales.ops,2025-10-10T11:22:00Z,sales.ops
5c8f148c-48a1-4898-b7eb-3d1179730b5d,1184c8e2-8bef-4a13-b226-ff62975c6526,CREDIT,POSTED,10500000.00,INR,CREDIT_FACILITY_GRANT,CR-GRANT-3016,Initial credit facility sanctioned during dealer onboarding,2026-01-24T06:36:00Z,2026-02-03T14:36:00Z,credit.controller,,2026-01-19T06:36:00Z,dealer360.admin,2026-02-03T14:36:00Z,credit.controller
46683cbf-67e8-40cf-9657-bc527f0612e9,85401952-78eb-4009-b96c-15d594f8fb85,CREDIT,POSTED,11000000.00,INR,CREDIT_FACILITY_GRANT,CR-GRANT-3017,Initial credit facility sanctioned during dealer onboarding,2026-02-14T06:39:00Z,2026-02-13T10:39:00Z,credit.controller,,2026-02-09T06:39:00Z,onboarding.team,2026-02-13T10:39:00Z,dealer360.admin
b8d2f6d6-be1d-4d37-83e5-c2446ff4f4e5,df5ad3b6-c5e1-4f9a-a6bd-42968dfc5c50,CREDIT,POSTED,11500000.00,INR,CREDIT_FACILITY_GRANT,CR-GRANT-3018,Initial credit facility sanctioned during dealer onboarding,2026-01-07T04:29:00Z,2026-01-21T09:29:00Z,credit.controller,,2026-01-02T04:29:00Z,credit.controller,2026-01-21T09:29:00Z,onboarding.team
af4ab6cb-d481-4aa5-96ce-9be9e0d917e7,578c032f-84d7-4ac8-b93d-23555f25aa08,CREDIT,POSTED,12000000.00,INR,CREDIT_FACILITY_GRANT,CR-GRANT-3019,Initial credit facility sanctioned during dealer onboarding,2026-03-03T08:10:00Z,2026-03-03T09:10:00Z,credit.controller,,2026-02-26T08:10:00Z,fulfillment.ops,2026-03-03T09:10:00Z,sales.ops