ID,purchaseOrderNumber,dealer_ID,paymentTerms_ID,status,orderDate,requestedDeliveryDate,currency,subtotal,taxAmount,totalAmount,creditChecked,creditBlocked,creditBlockReason,submittedAt,approvedAt,allocatedAt,dispatchedAt,deliveredAt,invoicedAt,closedAt,cancelledAt,cancellationReason,remarks,createdAt,createdBy,modifiedAt,modifiedBy
a1186cb9-ff1e-4c0f-85e6-be567cba49f8,PO-D360-9000,37b4babf-6f65-47f0-a0fe-3a4b971961b5,525f4312-9a51-4260-9495-7c6371db0c45,CLOSED,2026-02-24,2026-03-14,INR,378280.00,117266.80,495546.80,true,false,,2026-02-24T09:05:00Z,2026-02-26T06:05:00Z,2026-02-28T06:05:00Z,2026-03-03T06:05:00Z,2026-03-08T06:05:00Z,2026-03-09T06:05:00Z,2026-03-12T06:05:00Z,,,Purchase order for RE Classic 350,2026-02-24T06:05:00Z,credit.controller,2026-03-16T13:05:00Z,fulfillment.ops
63d7e315-3072-4f7e-8202-55f280ebb1ae,PO-D360-9001,c9fd56df-9bb4-4a42-a284-c2a13e850116,9b8a9494-9654-493a-9349-4fceb9c0e709,CLOSED,2026-03-21,2026-04-08,INR,597000.00,185070.00,782070.00,true,false,,2026-03-21T05:31:00Z,2026-03-23T02:31:00Z,2026-03-25T02:31:00Z,2026-03-28T02:31:00Z,2026-04-02T02:31:00Z,2026-04-03T02:31:00Z,2026-04-06T02:31:00Z,,,Purchase order for RE Meteor 350,2026-03-21T02:31:00Z,onboarding.team,2026-04-02T06:31:00Z,fulfillment.ops
ca302995-5e0a-44dc-b523-d457fd9d7755,PO-D360-9002,91367b89-8aa1-4862-ba50-5c96ec23d516,c6b94e46-80ae-43bf-bb1e-b910e93ca397,INVOICED,2026-02-08,2026-02-26,INR,1156000.00,358360.00,1514360.00,true,false,,2026-02-08T10:15:00Z,2026-02-10T07:15:00Z,2026-02-12T07:15:00Z,2026-02-15T07:15:00Z,2026-02-20T07:15:00Z,2026-02-21T07:15:00Z,,,,Purchase order for RE Himalayan 450,2026-02-08T07:15:00Z,finance.team,2026-02-11T10:15:00Z,dealer360.admin
0c400cfd-da3b-4004-96cc-6cb01f711fca,PO-D360-9003,f2baf2d8-62fe-4c3a-a886-6259edc1e303,ff677a7b-27fc-412e-9450-4f0dcc3fcfec,INVOICED,2025-11-26,2025-12-14,INR,730100.00,226331.00,956431.00,true,false,,2025-11-26T12:32:00Z,2025-11-28T09:32:00Z,2025-11-30T09:32:00Z,2025-12-03T09:32:00Z,2025-12-08T09:32:00Z,2025-12-09T09:32:00Z,,,,Purchase order for RE Hunter 350,2025-11-26T09:32:00Z,system,2025-12-10T12:32:00Z,purchasing.mgr
c29b4361-70e4-4870-8e27-d02bb8e49957,PO-D360-9004,17acb60a-8bea-4d3e-87a2-b09cea5883ce,fdb36154-3871-4908-b541-37aa6e4125c6,DELIVERED,2026-01-05,2026-01-23,INR,640000.00,198400.00,838400.00,true,false,,2026-01-05T11:17:00Z,2026-01-07T08:17:00Z,2026-01-09T08:17:00Z,2026-01-12T08:17:00Z,2026-01-17T08:17:00Z,,,,,Purchase order for RE Continental GT 650,2026-01-05T08:17:00Z,system,2026-01-07T14:17:00Z,finance.team
d99a2c46-f1be-475d-a119-b72fff822901,PO-D360-9005,e35e0199-55da-4807-827c-fa327aa19fbf,ccbf92eb-5454-4f44-bbeb-c0c49dd98578,DELIVERED,2025-11-18,2025-12-06,INR,930000.00,288300.00,1218300.00,true,false,,2025-11-18T10:34:00Z,2025-11-20T07:34:00Z,2025-11-22T07:34:00Z,2025-11-25T07:34:00Z,2025-11-30T07:34:00Z,,,,,Purchase order for RE Interceptor 650,2025-11-18T07:34:00Z,credit.controller,2025-12-08T11:34:00Z,purchasing.mgr
53179412-42f8-4ad5-8228-c03a3b4b43c8,PO-D360-9006,8cdbae52-de09-4510-aec5-04400cc5b0c9,8c6fa4be-4f86-4601-8ae3-852ab0ab31a1,DISPATCHED,2026-02-05,2026-02-23,INR,1368080.00,424104.80,1792184.80,true,false,,2026-02-05T08:55:00Z,2026-02-07T05:55:00Z,2026-02-09T05:55:00Z,2026-02-12T05:55:00Z,,,,,,Purchase order for RE Super Meteor 650,2026-02-05T05:55:00Z,onboarding.team,2026-02-09T11:55:00Z,sales.ops
d0db36aa-c1e2-481b-be1a-ab10630eef94,PO-D360-9007,7f7722ee-524f-452b-bcd7-984263a1479f,b389f9a1-2b0b-43be-bde5-3c2b63e3d617,DISPATCHED,2026-04-29,2026-05-17,INR,1015000.00,314650.00,1329650.00,true,false,,2026-04-29T09:02:00Z,2026-05-01T06:02:00Z,2026-05-03T06:02:00Z,2026-05-06T06:02:00Z,,,,,,Purchase order for RE Scram 411,2026-04-29T06:02:00Z,onboarding.team,2026-05-13T13:02:00Z,onboarding.team
0334d3e9-8cd7-408b-ae02-ffeaa2d4bdaf,PO-D360-9008,f07a0c9a-cec2-4461-87e0-df0b06326677,39104feb-5a35-444e-878c-9ec5ccfb2776,ALLOCATED,2026-04-01,2026-04-19,INR,346000.00,107260.00,453260.00,true,false,,2026-04-01T05:31:00Z,2026-04-03T02:31:00Z,2026-04-05T02:31:00Z,,,,,,,Purchase order for RE Bullet 350,2026-04-01T02:31:00Z,fulfillment.ops,2026-04-18T02:31:00Z,sales.ops
0aa6751a-2cb3-49d4-8446-4a430e7a5a0d,PO-D360-9009,99617baf-da8f-403a-b67b-1a8adc416b6d,9d631f93-3989-4f77-a6be-019fc075a97d,ALLOCATED,2026-02-04,2026-02-22,INR,1055460.00,327192.60,1382652.60,true,false,,2026-02-04T04:33:00Z,2026-02-06T01:33:00Z,2026-02-08T01:33:00Z,,,,,,,Purchase order for RE Shotgun 650,2026-02-04T01:33:00Z,fulfillment.ops,2026-02-07T04:33:00Z,finance.team
ce2cbf86-816a-44f9-934d-eaa69bce8e11,PO-D360-9010,fd680e8f-2f6e-4d65-9547-65d27cc337a5,e3b0424b-d126-4d29-8748-7273a7d99bef,APPROVED,2026-04-01,2026-04-19,INR,1800.00,324.00,2124.00,true,false,,2026-04-01T05:04:00Z,2026-04-03T02:04:00Z,,,,,,,,Purchase order for Engine Oil Filter Kit,2026-04-01T02:04:00Z,onboarding.team,2026-04-21T02:04:00Z,fulfillment.ops
b8cf2881-6c60-4ba5-9553-9ee06e695cfd,PO-D360-9011,6304588e-d795-48da-870b-744ab77d757d,05e93041-c209-463a-98aa-e2f4c68de517,APPROVED,2026-04-01,2026-04-19,INR,16000.00,2880.00,18880.00,true,false,,2026-04-01T04:54:00Z,2026-04-03T01:54:00Z,,,,,,,,Purchase order for Clutch Plate Assembly,2026-04-01T01:54:00Z,dealer360.admin,2026-04-14T02:54:00Z,sales.ops
cf44a552-e0cb-48a4-9d4f-a6339ee49983,PO-D360-9012,3aba12b5-0499-48cb-88c1-a61a7274ae6b,7cf5ce59-31b5-4301-b855-1ace5293fccf,PENDING_APPROVAL,2026-03-27,2026-04-14,INR,8820.00,1587.60,10407.60,true,false,,2026-03-27T10:55:00Z,,,,,,,,,Purchase order for Front Brake Disc Rotor,2026-03-27T07:55:00Z,credit.controller,2026-04-04T10:55:00Z,system
741a95d3-fe82-4ebf-a4c0-b07189177324,PO-D360-9013,4be48349-2ff6-48c0-9868-d88df4b72287,4721a80f-515a-4e83-9814-0bd6fb79413f,SUBMITTED,2026-03-29,2026-04-16,INR,20400.00,3672.00,24072.00,true,false,,2026-03-29T07:14:00Z,,,,,,,,,Purchase order for LED Headlamp Assembly,2026-03-29T04:14:00Z,system,2026-04-09T10:14:00Z,finance.team
8db90b39-fe81-4cc2-b5e2-a1b9f5f38eb2,PO-D360-9014,058d0f40-912c-44c5-9c8d-875f37aa4044,0e5c8534-b779-4eb4-9c39-9b3f4183e955,DRAFT,2026-02-10,2026-02-28,INR,60000.00,10800.00,70800.00,false,false,,,,,,,,,,,Purchase order for Fuel Tank Panel Set,2026-02-10T02:44:00Z,system,2026-02-21T02:44:00Z,sales.ops
4628f2e2-6c4a-43cf-a421-6de6579d6fdb,PO-D360-9015,8cc0b7e7-5fbd-4dbf-86e5-00e4ce326c91,a4d0bf79-6d1b-4350-90fb-ae10037795f0,CREDIT_BLOCKED,2025-11-04,2025-11-22,INR,25480.00,4586.40,30066.40,true,true,Dealer credit exposure exceeds sanctioned limit,2025-11-04T07:22:00Z,2025-11-06T04:22:00Z,,,,,,,,Purchase order for Saddle Stay Pannier Rails,2025-11-04T04:22:00Z,sales.ops,2025-11-13T10:22:00Z,sales.ops
cd32592a-0c2f-4d36-b8f0-806ccec07dd3,PO-D360-9016,1184c8e2-8bef-4a13-b226-ff62975c6526,cdd1e5f8-48cf-409f-a14e-be2752de239c,CANCELLED,2026-03-06,2026-03-24,INR,8400.00,1512.00,9912.00,true,false,,2026-03-06T09:36:00Z,2026-03-08T06:36:00Z,,,,,,2026-03-08T06:36:00Z,Dealer requested cancellation due to revised demand forecast,Purchase order for Touring Windscreen Kit,2026-03-06T06:36:00Z,purchasing.mgr,2026-03-10T11:36:00Z,fulfillment.ops
1c75ceee-eb78-4596-b497-76a1664c43bb,PO-D360-9017,85401952-78eb-4009-b96c-15d594f8fb85,8a367d49-e092-441c-8234-4b384dbdc23a,REJECTED,2026-03-28,2026-04-15,INR,5400.00,972.00,6372.00,true,false,,2026-03-28T09:39:00Z,,,,,,,,,Purchase order for USB Charging Console,2026-03-28T06:39:00Z,system,2026-04-11T09:39:00Z,fulfillment.ops
2d5c33d6-59f6-4155-9576-9844f973be86,PO-D360-9018,df5ad3b6-c5e1-4f9a-a6bd-42968dfc5c50,95426421-1d20-4f4d-acdf-6426fcecff8f,CLOSED,2026-02-19,2026-03-09,INR,33320.00,5997.60,39317.60,true,false,,2026-02-19T07:29:00Z,2026-02-21T04:29:00Z,2026-02-23T04:29:00Z,2026-02-26T04:29:00Z,2026-03-03T04:29:00Z,2026-03-04T04:29:00Z,2026-03-07T04:29:00Z,,,Purchase order for Riding Jacket All-Weather,2026-02-19T04:29:00Z,system,2026-03-06T05:29:00Z,system
d2d483f3-233b-4454-ba49-3616c441460d,PO-D360-9019,578c032f-84d7-4ac8-b93d-23555f25aa08,1e4f0b58-9c4d-477c-92b4-2ad1d9d946a4,DISPATCHED,2026-04-16,2026-05-04,INR,32500.00,5850.00,38350.00,true,false,,2026-04-16T11:10:00Z,2026-04-18T08:10:00Z,2026-04-20T08:10:00Z,2026-04-23T08:10:00Z,,,,,,Purchase order for Full Face Helmet DOT Certified,2026-04-16T08:10:00Z,purchasing.mgr,2026-04-26T09:10:00Z,dealer360.admin