ID,dealer_ID,creditLimit,usedCredit,availableCredit,currency,isBlocked,blockedReason,validFrom,validTo,lastCreditCheckAt,remarks,createdAt,createdBy,modifiedAt,modifiedBy
c72197c9-6498-42b8-9d40-1e13520ee323,37b4babf-6f65-47f0-a0fe-3a4b971961b5,2500000.00,125000.00,2375000.00,INR,false,,2026-01-25,2028-01-25,2026-02-03T12:05:00Z,Annual credit facility review completed,2026-01-25T06:05:00Z,onboarding.team,2026-02-03T12:05:00Z,fulfillment.ops
b59c4afb-46de-474b-9fdf-eb591d4d582a,c9fd56df-9bb4-4a42-a284-c2a13e850116,3000000.00,240000.00,2760000.00,INR,false,,2026-02-18,2028-02-18,2026-03-09T02:31:00Z,Annual credit facility review completed,2026-02-18T02:31:00Z,fulfillment.ops,2026-03-09T02:31:00Z,sales.ops
18031a54-3545-4571-a669-95a9442767a3,91367b89-8aa1-4862-ba50-5c96ec23d516,3500000.00,385000.00,3115000.00,INR,false,,2026-01-07,2028-01-07,2026-01-17T08:15:00Z,Annual credit facility review completed,2026-01-07T07:15:00Z,onboarding.team,2026-01-17T08:15:00Z,purchasing.mgr
47bba30d-487b-42e4-8a74-151664303006,f2baf2d8-62fe-4c3a-a886-6259edc1e303,4000000.00,560000.00,3440000.00,INR,false,,2025-10-24,2027-10-24,2025-11-01T11:32:00Z,Annual credit facility review completed,2025-10-24T09:32:00Z,fulfillment.ops,2025-11-01T11:32:00Z,sales.ops
1b722af2-2658-4747-891e-b3518567b964,17acb60a-8bea-4d3e-87a2-b09cea5883ce,4500000.00,765000.00,3735000.00,INR,false,,2025-12-02,2027-12-02,2025-12-20T10:17:00Z,Annual credit facility review completed,2025-12-02T08:17:00Z,fulfillment.ops,2025-12-20T10:17:00Z,purchasing.mgr
64993d90-4f41-4386-b054-e3e37d5f4662,e35e0199-55da-4807-827c-fa327aa19fbf,5000000.00,1000000.00,4000000.00,INR,false,,2025-10-14,2027-10-14,2025-11-03T13:34:00Z,Annual credit facility review completed,2025-10-14T07:34:00Z,finance.team,2025-11-03T13:34:00Z,sales.ops
9d41b16e-72f1-4de0-b75d-5c6af567f5a0,8cdbae52-de09-4510-aec5-04400cc5b0c9,5500000.00,275000.00,5225000.00,INR,false,,2025-12-31,2027-12-28,2026-01-09T13:55:00Z,Annual credit facility review completed,2025-12-31T05:55:00Z,onboarding.team,2026-01-09T13:55:00Z,fulfillment.ops
92865235-1fb0-4fcd-bd58-d6b3890797dd,7f7722ee-524f-452b-bcd7-984263a1479f,6000000.00,480000.00,5520000.00,INR,false,,2026-03-23,2028-03-23,2026-03-27T14:02:00Z,Annual credit facility review completed,2026-03-23T06:02:00Z,sales.ops,2026-03-27T14:02:00Z,onboarding.team
b4461d9b-4a2d-4a1e-be3f-e45cc28e8c2d,f07a0c9a-cec2-4461-87e0-df0b06326677,6500000.00,715000.00,5785000.00,INR,false,,2026-02-22,2028-02-22,2026-03-10T07:31:00Z,Annual credit facility review completed,2026-02-22T02:31:00Z,dealer360.admin,2026-03-10T07:31:00Z,fulfillment.ops
7c1690ec-8125-4287-a004-3ff4c3af5f7d,99617baf-da8f-403a-b67b-1a8adc416b6d,7000000.00,980000.00,6020000.00,INR,false,,2025-12-27,2027-12-27,2026-01-05T03:33:00Z,Annual credit facility review completed,2025-12-27T01:33:00Z,credit.controller,2026-01-05T03:33:00Z,fulfillment.ops
c6051fdb-ee2d-4f63-ba8c-068f9f1999f4,fd680e8f-2f6e-4d65-9547-65d27cc337a5,7500000.00,1275000.00,6225000.00,INR,false,,2026-02-20,2028-02-20,2026-03-07T05:04:00Z,Annual credit facility review completed,2026-02-20T02:04:00Z,credit.controller,2026-03-07T05:04:00Z,finance.team
c557aaf6-01ea-4693-a851-50b0cfe86418,6304588e-d795-48da-870b-744ab77d757d,8000000.00,1600000.00,6400000.00,INR,false,,2026-02-19,2028-02-19,2026-02-23T02:54:00Z,Annual credit facility review completed,2026-02-19T01:54:00Z,purchasing.mgr,2026-02-23T02:54:00Z,sales.ops
92ae81b5-9a74-4b5c-9163-4eff9e55f55e,3aba12b5-0499-48cb-88c1-a61a7274ae6b,8500000.00,425000.00,8075000.00,INR,false,,2026-02-13,2028-02-13,2026-03-01T15:55:00Z,Annual credit facility review completed,2026-02-13T07:55:00Z,dealer360.admin,2026-03-01T15:55:00Z,fulfillment.ops
0c257ec1-e89e-4b2f-8a7d-7afaf9b43ed8,4be48349-2ff6-48c0-9868-d88df4b72287,9000000.00,720000.00,8280000.00,INR,false,,2026-02-14,2028-02-14,2026-03-05T06:14:00Z,Annual credit facility review completed,2026-02-14T04:14:00Z,onboarding.team,2026-03-05T06:14:00Z,finance.team
0f635150-3b53-40a8-867d-468a1a40b3c1,058d0f40-912c-44c5-9c8d-875f37aa4044,9500000.00,1045000.00,8455000.00,INR,false,,2025-12-28,2027-12-28,2026-01-02T04:44:00Z,Annual credit facility review completed,2025-12-28T02:44:00Z,finance.team,2026-01-02T04:44:00Z,system
a115c5af-699e-4935-be70-c11efd94b150,8cc0b7e7-5fbd-4dbf-86e5-00e4ce326c91,10000000.00,1400000.00,8600000.00,INR,false,,2025-09-20,2027-09-20,2025-09-21T10:22:00Z,Annual credit facility review completed,2025-09-20T04:22:00Z,fulfillment.ops,2025-09-21T10:22:00Z,credit.controller
68d36877-0a74-40e1-bd9f-6af4ace293d6,1184c8e2-8bef-4a13-b226-ff62975c6526,10500000.00,1785000.00,8715000.00,INR,true,Overdue receivables beyond 90 days,2026-01-19,2028-01-19,2026-02-02T10:36:00Z,Annual credit facility review completed,2026-01-19T06:36:00Z,system,2026-02-02T10:36:00Z,credit.controller
ab3de48b-8a33-4fb2-9b9b-bbd1564acd6f,85401952-78eb-4009-b96c-15d594f8fb85,11000000.00,2200000.00,8800000.00,INR,false,,2026-02-09,2028-02-09,2026-02-26T09:39:00Z,Annual credit facility review completed,2026-02-09T06:39:00Z,purchasing.mgr,2026-02-26T09:39:00Z,system
c81dfe54-6561-4454-8c28-a44cb8c802d8,df5ad3b6-c5e1-4f9a-a6bd-42968dfc5c50,11500000.00,575000.00,10925000.00,INR,false,,2026-01-02,2028-01-02,2026-01-08T09:29:00Z,Annual credit facility review completed,2026-01-02T04:29:00Z,system,2026-01-08T09:29:00Z,system
82cf8340-8beb-49c3-a38c-5c767aa6846c,578c032f-84d7-4ac8-b93d-23555f25aa08,12000000.00,960000.00,11040000.00,INR,false,,2026-02-26,2028-02-26,2026-03-07T14:10:00Z,Annual credit facility review completed,2026-02-26T08:10:00Z,onboarding.team,2026-03-07T14:10:00Z,finance.team