ID,eventType,aggregateType,aggregateId,eventVersion,status,payload,correlationId,idempotencyKey,destination,retryCount,maxRetries,nextRetryAt,processedAt,failedAt,lastError,publishedAt,createdByService,remarks,createdAt,createdBy,modifiedAt,modifiedBy
921054d2-846f-4b34-b7b4-f5c3f609c090,DealerOnboardingSubmitted,Dealer,37b4babf-6f65-47f0-a0fe-3a4b971961b5,1,PROCESSED,"{""eventType"":""DealerOnboardingSubmitted"",""aggregateType"":""Dealer"",""aggregateId"":""37b4babf-6f65-47f0-a0fe-3a4b971961b5""}",CORR-EVT-9800,IDEMP-9800,SAP_INTEGRATION_SUITE,0,5,,2025-11-02T02:29:00Z,,,2025-11-01T00:29:00Z,dealer360-srv,Outbox event for DealerOnboardingSubmitted,2025-11-01T00:29:00Z,onboarding.team,2025-11-02T02:29:00Z,onboarding.team
11c3e643-b8a2-4d7d-8ce8-4d14ac38f42c,DealerActivated,Dealer,c9fd56df-9bb4-4a42-a284-c2a13e850116,1,PROCESSED,"{""eventType"":""DealerActivated"",""aggregateType"":""Dealer"",""aggregateId"":""c9fd56df-9bb4-4a42-a284-c2a13e850116""}",CORR-EVT-9801,IDEMP-9801,SAP_INTEGRATION_SUITE,0,5,,2026-02-18T02:24:00Z,,,2026-02-05T00:24:00Z,dealer360-srv,Outbox event for DealerActivated,2026-02-05T00:24:00Z,fulfillment.ops,2026-02-18T02:24:00Z,credit.controller
42001cd4-e143-4925-a892-7b1364e5228b,DealerBlocked,Dealer,1184c8e2-8bef-4a13-b226-ff62975c6526,1,PROCESSED,"{""eventType"":""DealerBlocked"",""aggregateType"":""Dealer"",""aggregateId"":""1184c8e2-8bef-4a13-b226-ff62975c6526""}",CORR-EVT-9802,IDEMP-9802,SAP_INTEGRATION_SUITE,0,5,,2025-12-01T06:17:00Z,,,2025-11-17T04:17:00Z,dealer360-srv,Outbox event for DealerBlocked,2025-11-17T04:17:00Z,dealer360.admin,2025-12-01T06:17:00Z,credit.controller
9d5613b6-f518-4c75-ba24-f2ac590d74e1,DealerRejected,Dealer,df5ad3b6-c5e1-4f9a-a6bd-42968dfc5c50,1,PROCESSED,"{""eventType"":""DealerRejected"",""aggregateType"":""Dealer"",""aggregateId"":""df5ad3b6-c5e1-4f9a-a6bd-42968dfc5c50""}",CORR-EVT-9803,IDEMP-9803,SAP_INTEGRATION_SUITE,0,5,,2026-03-28T12:31:00Z,,,2026-03-15T04:31:00Z,dealer360-srv,Outbox event for DealerRejected,2026-03-15T04:31:00Z,system,2026-03-28T12:31:00Z,dealer360.admin
7517bcb1-8936-41d2-989a-34419c99467b,CreditFacilityGranted,DealerCredit,91367b89-8aa1-4862-ba50-5c96ec23d516,1,PENDING,"{""eventType"":""CreditFacilityGranted"",""aggregateType"":""DealerCredit"",""aggregateId"":""91367b89-8aa1-4862-ba50-5c96ec23d516""}",CORR-EVT-9804,IDEMP-9804,SAP_INTEGRATION_SUITE,0,5,2025-10-27T10:54:00Z,,,,,dealer360-srv,Outbox event for CreditFacilityGranted,2025-10-23T04:24:00Z,credit.controller,2025-10-27T10:24:00Z,credit.controller
befbb5f2-bb83-412a-b86b-f2eb60f203a9,CreditLimitBlocked,DealerCredit,1184c8e2-8bef-4a13-b226-ff62975c6526,1,FAILED,"{""eventType"":""CreditLimitBlocked"",""aggregateType"":""DealerCredit"",""aggregateId"":""1184c8e2-8bef-4a13-b226-ff62975c6526""}",CORR-EVT-9805,IDEMP-9805,SAP_INTEGRATION_SUITE,2,5,2026-03-11T15:20:00Z,,2026-03-11T14:50:00Z,Downstream endpoint timeout after 30s,,dealer360-srv,Outbox event for CreditLimitBlocked,2026-03-11T08:50:00Z,fulfillment.ops,2026-03-11T14:50:00Z,system
4465377c-bc15-493d-b9e7-e3b8fa771590,PurchaseRequisitionSubmitted,PurchaseRequisition,a18c2371-d20c-4b8d-b6e7-690b80a2cb87,1,PROCESSING,"{""eventType"":""PurchaseRequisitionSubmitted"",""aggregateType"":""PurchaseRequisition"",""aggregateId"":""a18c2371-d20c-4b8d-b6e7-690b80a2cb87""}",CORR-EVT-9806,IDEMP-9806,SAP_INTEGRATION_SUITE,0,5,,,,,,dealer360-srv,Outbox event for PurchaseRequisitionSubmitted,2026-02-17T07:22:00Z,fulfillment.ops,2026-03-07T15:22:00Z,onboarding.team
673cae59-765b-45aa-9723-5d471df02abb,PurchaseRequisitionApproved,PurchaseRequisition,2dd083ff-ac8e-4026-8b43-355ce60922b2,1,PROCESSED,"{""eventType"":""PurchaseRequisitionApproved"",""aggregateType"":""PurchaseRequisition"",""aggregateId"":""2dd083ff-ac8e-4026-8b43-355ce60922b2""}",CORR-EVT-9807,IDEMP-9807,SAP_INTEGRATION_SUITE,0,5,,2025-12-19T05:01:00Z,,,2025-12-09T02:01:00Z,dealer360-srv,Outbox event for PurchaseRequisitionApproved,2025-12-09T02:01:00Z,dealer360.admin,2025-12-19T05:01:00Z,purchasing.mgr
e32fad87-1158-4e5b-93f9-a1b78f0a501f,PurchaseRequisitionRejected,PurchaseRequisition,24e71acf-e255-406a-b9b0-e40211adf507,1,PROCESSED,"{""eventType"":""PurchaseRequisitionRejected"",""aggregateType"":""PurchaseRequisition"",""aggregateId"":""24e71acf-e255-406a-b9b0-e40211adf507""}",CORR-EVT-9808,IDEMP-9808,SAP_INTEGRATION_SUITE,0,5,,2025-10-26T10:33:00Z,,,2025-10-15T07:33:00Z,dealer360-srv,Outbox event for PurchaseRequisitionRejected,2025-10-15T07:33:00Z,finance.team,2025-10-26T10:33:00Z,sales.ops
3ab9720b-de2e-4ec6-b82a-538be5612fce,PurchaseOrderSubmitted,PurchaseOrder,741a95d3-fe82-4ebf-a4c0-b07189177324,1,PROCESSED,"{""eventType"":""PurchaseOrderSubmitted"",""aggregateType"":""PurchaseOrder"",""aggregateId"":""741a95d3-fe82-4ebf-a4c0-b07189177324""}",CORR-EVT-9809,IDEMP-9809,SAP_INTEGRATION_SUITE,0,5,,2025-12-20T03:17:00Z,,,2025-12-03T03:17:00Z,dealer360-srv,Outbox event for PurchaseOrderSubmitted,2025-12-03T03:17:00Z,credit.controller,2025-12-20T03:17:00Z,onboarding.team
412d63cc-5bf5-4b00-81d0-ea642c8c4c4a,PurchaseOrderApproved,PurchaseOrder,ce2cbf86-816a-44f9-934d-eaa69bce8e11,1,PROCESSED,"{""eventType"":""PurchaseOrderApproved"",""aggregateType"":""PurchaseOrder"",""aggregateId"":""ce2cbf86-816a-44f9-934d-eaa69bce8e11""}",CORR-EVT-9810,IDEMP-9810,SAP_INTEGRATION_SUITE,0,5,,2026-01-06T07:11:00Z,,,2025-12-30T02:11:00Z,dealer360-srv,Outbox event for PurchaseOrderApproved,2025-12-30T02:11:00Z,fulfillment.ops,2026-01-06T07:11:00Z,dealer360.admin
a390579f-8a21-485b-8410-0bc0e6a018ca,PurchaseOrderCreditBlocked,PurchaseOrder,4628f2e2-6c4a-43cf-a421-6de6579d6fdb,1,PENDING,"{""eventType"":""PurchaseOrderCreditBlocked"",""aggregateType"":""PurchaseOrder"",""aggregateId"":""4628f2e2-6c4a-43cf-a421-6de6579d6fdb""}",CORR-EVT-9811,IDEMP-9811,SAP_INTEGRATION_SUITE,0,5,2026-04-17T08:06:00Z,,,,,dealer360-srv,Outbox event for PurchaseOrderCreditBlocked,2026-03-30T05:36:00Z,credit.controller,2026-04-17T07:36:00Z,system
030a8a4d-6460-4e78-ace9-285e80f2f930,PurchaseOrderCancelled,PurchaseOrder,cd32592a-0c2f-4d36-b8f0-806ccec07dd3,1,FAILED,"{""eventType"":""PurchaseOrderCancelled"",""aggregateType"":""PurchaseOrder"",""aggregateId"":""cd32592a-0c2f-4d36-b8f0-806ccec07dd3""}",CORR-EVT-9812,IDEMP-9812,SAP_INTEGRATION_SUITE,2,5,2026-03-03T04:41:00Z,,2026-03-03T04:11:00Z,Downstream endpoint timeout after 30s,,dealer360-srv,Outbox event for PurchaseOrderCancelled,2026-02-16T04:11:00Z,sales.ops,2026-03-03T04:11:00Z,dealer360.admin
33be7676-a872-4c9d-950f-f5a17253d5c1,PurchaseOrderAllocated,PurchaseOrder,0334d3e9-8cd7-408b-ae02-ffeaa2d4bdaf,1,PROCESSING,"{""eventType"":""PurchaseOrderAllocated"",""aggregateType"":""PurchaseOrder"",""aggregateId"":""0334d3e9-8cd7-408b-ae02-ffeaa2d4bdaf""}",CORR-EVT-9813,IDEMP-9813,SAP_INTEGRATION_SUITE,0,5,,,,,,dealer360-srv,Outbox event for PurchaseOrderAllocated,2025-11-29T09:14:00Z,system,2025-11-29T17:14:00Z,dealer360.admin
41c56917-6714-4385-bf9c-dfe36f60e29b,FulfillmentDispatched,Fulfillment,5ea37e60-8174-42bf-8676-65aa416e22ed,1,PROCESSED,"{""eventType"":""FulfillmentDispatched"",""aggregateType"":""Fulfillment"",""aggregateId"":""5ea37e60-8174-42bf-8676-65aa416e22ed""}",CORR-EVT-9814,IDEMP-9814,SAP_INTEGRATION_SUITE,0,5,,2025-12-28T14:12:00Z,,,2025-12-24T09:12:00Z,dealer360-srv,Outbox event for FulfillmentDispatched,2025-12-24T09:12:00Z,finance.team,2025-12-28T14:12:00Z,fulfillment.ops
2b3fe045-b078-410a-a4e8-284d579ebabb,FulfillmentDelivered,Fulfillment,087c532f-98f6-420f-8675-6f46892dfdd0,1,PROCESSED,"{""eventType"":""FulfillmentDelivered"",""aggregateType"":""Fulfillment"",""aggregateId"":""087c532f-98f6-420f-8675-6f46892dfdd0""}",CORR-EVT-9815,IDEMP-9815,SAP_INTEGRATION_SUITE,0,5,,2025-11-03T02:09:00Z,,,2025-10-16T00:09:00Z,dealer360-srv,Outbox event for FulfillmentDelivered,2025-10-16T00:09:00Z,sales.ops,2025-11-03T02:09:00Z,fulfillment.ops
df995e2d-f022-4cd8-9a00-b5abb124c2a4,InvoiceGenerated,Fulfillment,56a1be79-0f61-45cc-98b4-9ac6662d465d,1,PROCESSED,"{""eventType"":""InvoiceGenerated"",""aggregateType"":""Fulfillment"",""aggregateId"":""56a1be79-0f61-45cc-98b4-9ac6662d465d""}",CORR-EVT-9816,IDEMP-9816,SAP_INTEGRATION_SUITE,0,5,,2025-10-31T06:45:00Z,,,2025-10-19T05:45:00Z,dealer360-srv,Outbox event for InvoiceGenerated,2025-10-19T05:45:00Z,fulfillment.ops,2025-10-31T06:45:00Z,purchasing.mgr
8aaa924d-99c8-45ce-bf3a-5e6d49bedb38,PurchaseOrderClosed,PurchaseOrder,a1186cb9-ff1e-4c0f-85e6-be567cba49f8,1,PROCESSED,"{""eventType"":""PurchaseOrderClosed"",""aggregateType"":""PurchaseOrder"",""aggregateId"":""a1186cb9-ff1e-4c0f-85e6-be567cba49f8""}",CORR-EVT-9817,IDEMP-9817,SAP_INTEGRATION_SUITE,0,5,,2026-01-04T09:10:00Z,,,2025-12-22T02:10:00Z,dealer360-srv,Outbox event for PurchaseOrderClosed,2025-12-22T02:10:00Z,fulfillment.ops,2026-01-04T09:10:00Z,finance.team
a78745e7-8768-4af9-9bd7-b37c88ea5d0e,DealerPriceUpdated,Product,0ae20383-60cf-42df-8a2f-1315aecb4254,1,PENDING,"{""eventType"":""DealerPriceUpdated"",""aggregateType"":""Product"",""aggregateId"":""0ae20383-60cf-42df-8a2f-1315aecb4254""}",CORR-EVT-9818,IDEMP-9818,SAP_INTEGRATION_SUITE,0,5,2026-04-19T14:14:00Z,,,,,dealer360-srv,Outbox event for DealerPriceUpdated,2026-03-31T08:44:00Z,credit.controller,2026-04-19T13:44:00Z,finance.team
6f1c2d38-4f6e-47ba-955c-b6a055c7df56,ProductPriceRevised,Product,3f7b7500-3aa3-436c-8627-ff7d5512f37c,1,FAILED,"{""eventType"":""ProductPriceRevised"",""aggregateType"":""Product"",""aggregateId"":""3f7b7500-3aa3-436c-8627-ff7d5512f37c""}",CORR-EVT-9819,IDEMP-9819,SAP_INTEGRATION_SUITE,2,5,2026-01-14T07:16:00Z,,2026-01-14T06:46:00Z,Downstream endpoint timeout after 30s,,dealer360-srv,Outbox event for ProductPriceRevised,2026-01-05T04:46:00Z,finance.team,2026-01-14T06:46:00Z,dealer360.admin