ID,dealerCode,legalName,tradeName,dealerType_ID,status,gstNumber,panNumber,registrationNumber,registrationDate,primaryEmail,primaryPhone,alternatePhone,website,annualTurnover,employeeCount,yearEstablished,region_ID,state_ID,paymentTerms_ID,creditLimit,currency,bankName,bankBranch,bankAccountNumber,ifscCode,onboardingRemarks,submittedAt,l1ApprovedAt,activatedAt,rejectedAt,blockedAt,rejectionReason,blockReason,createdAt,createdBy,modifiedAt,modifiedBy
37b4babf-6f65-47f0-a0fe-3a4b971961b5,D3602001,Bengaluru Royal Motors Pvt Ltd,Royal Motors Bengaluru,189274bf-57f9-46d6-b6ee-52a285c4e9b4,ACTIVE,29ADHPM1000C1Z1,ADHPM1000C,REG-D360-2001,2015-01-01,contact@royalmotorsbengaluru.example.com,9810000000,9120000000,https://royalmotorsbengaluru.example.com,15000000.00,18,2008,0d2c9f06-cc88-4c90-91f4-93917fa95541,41b6ea28-29f1-4300-b3e2-49df8a664715,525f4312-9a51-4260-9495-7c6371db0c45,2500000.00,INR,Royal Motors Bengaluru Bank Partner,Bengaluru Main Branch,100000000000,HDFC01000,Onboarded via DEALER360 digital onboarding workflow,2026-01-21T06:05:00Z,2026-01-24T06:05:00Z,2026-01-26T06:05:00Z,,,,,2026-01-20T06:05:00Z,system,2026-01-27T07:05:00Z,sales.ops
c9fd56df-9bb4-4a42-a284-c2a13e850116,D3602002,Chennai Velocity Automotives Pvt Ltd,Velocity Automotives,b44ea3cf-00a8-4098-85f7-f161ee167d19,ACTIVE,33BEJPM1037D1Z2,BEJPM1037D,REG-D360-2002,2016-02-02,contact@velocityautomotives.example.com,9810001111,9120000777,https://velocityautomotives.example.com,18250000.00,22,2009,b66de7f5-44bc-49e3-bb74-639fd3dcd2a3,47020801-df24-47a6-8328-9946d3d853b3,a4d0bf79-6d1b-4350-90fb-ae10037795f0,3000000.00,INR,Velocity Automotives Bank Partner,Chennai Main Branch,100000098765,HDFC01001,Onboarded via DEALER360 digital onboarding workflow,2026-02-14T02:31:00Z,2026-02-17T02:31:00Z,2026-02-19T02:31:00Z,,,,,2026-02-13T02:31:00Z,purchasing.mgr,2026-02-22T10:31:00Z,onboarding.team
91367b89-8aa1-4862-ba50-5c96ec23d516,D3602003,Pune Highway Riders Pvt Ltd,Highway Riders Pune,337ba3d5-9991-4a64-8d52-0d1c88510184,ACTIVE,27CFKPM1074E1Z3,CFKPM1074E,REG-D360-2003,2017-03-03,contact@highwayriderspune.example.com,9810002222,9120001554,https://highwayriderspune.example.com,21500000.00,26,2010,abf3d478-152f-4130-9d0b-144923355d26,2e443597-930e-4340-9d1a-17b4f0f1196a,fdb36154-3871-4908-b541-37aa6e4125c6,3500000.00,INR,Highway Riders Pune Bank Partner,Pune Main Branch,100000197530,HDFC01002,Onboarded via DEALER360 digital onboarding workflow,2026-01-03T07:15:00Z,2026-01-06T07:15:00Z,2026-01-08T07:15:00Z,,,,,2026-01-02T07:15:00Z,finance.team,2026-01-16T15:15:00Z,onboarding.team
f2baf2d8-62fe-4c3a-a886-6259edc1e303,D3602004,Delhi Capital Motorcycles Pvt Ltd,Capital Motorcycles,b68e74ac-e3f5-48b8-baa0-36ff0fafc9cd,ACTIVE,07DGLPM1111F1Z4,DGLPM1111F,REG-D360-2004,2018-04-04,contact@capitalmotorcycles.example.com,9810003333,9120002331,https://capitalmotorcycles.example.com,24750000.00,30,2011,cd62205b-0f38-478c-bb27-349b6a9c708b,bb7fd5df-f13b-4b24-b518-ea98b9963088,9d631f93-3989-4f77-a6be-019fc075a97d,4000000.00,INR,Capital Motorcycles Bank Partner,New Delhi Main Branch,100000296295,HDFC01003,Onboarded via DEALER360 digital onboarding workflow,2025-10-20T09:32:00Z,2025-10-23T09:32:00Z,2025-10-25T09:32:00Z,,,,,2025-10-19T09:32:00Z,purchasing.mgr,2025-10-23T10:32:00Z,onboarding.team
17acb60a-8bea-4d3e-87a2-b09cea5883ce,D3602005,Ahmedabad Sarthak Autowheels Pvt Ltd,Sarthak Autowheels,a83aa995-91e0-4922-872e-ddf2df5a03f8,ACTIVE,24EHMPM1148G1Z5,EHMPM1148G,REG-D360-2005,2019-05-05,contact@sarthakautowheels.example.com,9810004444,9120003108,https://sarthakautowheels.example.com,28000000.00,34,2012,f9334a3c-d4c1-435d-8c35-7f1a9640f8f3,607473cd-03db-444a-9204-4c7dfcffe43f,a4d0bf79-6d1b-4350-90fb-ae10037795f0,4500000.00,INR,Sarthak Autowheels Bank Partner,Ahmedabad Main Branch,100000395060,HDFC01004,Onboarded via DEALER360 digital onboarding workflow,2025-11-28T08:17:00Z,2025-12-01T08:17:00Z,2025-12-03T08:17:00Z,,,,,2025-11-27T08:17:00Z,purchasing.mgr,2025-11-27T12:17:00Z,system
e35e0199-55da-4807-827c-fa327aa19fbf,D3602006,Ludhiana Punjab Riders Pvt Ltd,Punjab Riders,b5459c19-d5ea-42c8-ae17-b019c49522d2,ACTIVE,03FJNPM1185H1Z6,FJNPM1185H,REG-D360-2006,2020-06-06,contact@punjabriders.example.com,9810005555,9120003885,https://punjabriders.example.com,31250000.00,38,2013,5d13812c-fff0-4a0f-9f6e-89e3e1de052e,c0336a81-0969-49c4-929d-c372eba3d22d,525f4312-9a51-4260-9495-7c6371db0c45,5000000.00,INR,Punjab Riders Bank Partner,Ludhiana Main Branch,100000493825,HDFC01005,Onboarded via DEALER360 digital onboarding workflow,2025-10-10T07:34:00Z,2025-10-13T07:34:00Z,2025-10-15T07:34:00Z,,,,,2025-10-09T07:34:00Z,fulfillment.ops,2025-10-24T12:34:00Z,onboarding.team
8cdbae52-de09-4510-aec5-04400cc5b0c9,D3602007,Kochi Malabar Motors Pvt Ltd,Malabar Motors,f082daef-3d12-4aa8-912a-2263f04512ec,ACTIVE,32GKPPM1222J1Z7,GKPPM1222J,REG-D360-2007,2021-07-07,contact@malabarmotors.example.com,9810006666,9120004662,https://malabarmotors.example.com,34500000.00,42,2014,fac30d3e-cfb1-46bd-bd46-9078fc4d53c0,a5d152c9-7dd5-4bbc-a1b9-2aaa64840f69,fdb36154-3871-4908-b541-37aa6e4125c6,5500000.00,INR,Malabar Motors Bank Partner,Kochi Main Branch,100000592590,HDFC01006,Onboarded via DEALER360 digital onboarding workflow,2025-12-27T05:55:00Z,2025-12-30T05:55:00Z,2026-01-01T05:55:00Z,,,,,2025-12-26T05:55:00Z,onboarding.team,2026-01-01T08:55:00Z,credit.controller
7f7722ee-524f-452b-bcd7-984263a1479f,D3602008,Kolkata Eastern Wheels Pvt Ltd,Eastern Wheels,af5a35a4-c139-4b17-9923-e383d0c33638,ACTIVE,19HLQPM1259K1Z8,HLQPM1259K,REG-D360-2008,2022-08-08,contact@easternwheels.example.com,9810007777,9120005439,https://easternwheels.example.com,37750000.00,46,2015,b0671089-234c-4da0-90e5-51101da41039,2f6f3b22-5662-4c5b-8323-782ecec591ec,9d631f93-3989-4f77-a6be-019fc075a97d,6000000.00,INR,Eastern Wheels Bank Partner,Kolkata Main Branch,100000691355,HDFC01007,Onboarded via DEALER360 digital onboarding workflow,2026-03-19T06:02:00Z,2026-03-22T06:02:00Z,2026-03-24T06:02:00Z,,,,,2026-03-18T06:02:00Z,onboarding.team,2026-03-28T13:02:00Z,onboarding.team
f07a0c9a-cec2-4461-87e0-df0b06326677,D3602009,Jaipur Rajputana Autozone Pvt Ltd,Rajputana Autozone,926ae2d0-d5f5-4795-944f-1654c06061d7,ACTIVE,08JMRPM1296L1Z9,JMRPM1296L,REG-D360-2009,2023-09-09,contact@rajputanaautozone.example.com,9810008888,9120006216,https://rajputanaautozone.example.com,41000000.00,50,2016,91b5720a-95a9-494c-ad4a-c0ad2289ee77,dbd73560-945a-4ba4-8315-5a79020ae522,a4d0bf79-6d1b-4350-90fb-ae10037795f0,6500000.00,INR,Rajputana Autozone Bank Partner,Jaipur Main Branch,100000790120,HDFC01008,Onboarded via DEALER360 digital onboarding workflow,2026-02-18T02:31:00Z,2026-02-21T02:31:00Z,2026-02-23T02:31:00Z,,,,,2026-02-17T02:31:00Z,fulfillment.ops,2026-02-18T04:31:00Z,sales.ops
99617baf-da8f-403a-b67b-1a8adc416b6d,D3602010,Hyderabad Deccan Motors Pvt Ltd,Deccan Motors,833de0a5-b00e-467b-8fd9-ecdc93b75767,ACTIVE,36KNSPM1333M1Z1,KNSPM1333M,REG-D360-2010,2015-10-10,contact@deccanmotors.example.com,9810009999,9120006993,https://deccanmotors.example.com,44250000.00,54,2017,8b3713b6-f4f9-4ecb-a734-e57c14fd7522,85fd6c79-84fa-46b3-a4d4-85850486b2fb,525f4312-9a51-4260-9495-7c6371db0c45,7000000.00,INR,Deccan Motors Bank Partner,Hyderabad Main Branch,100000888885,HDFC01009,Onboarded via DEALER360 digital onboarding workflow,2025-12-23T01:33:00Z,2025-12-26T01:33:00Z,2025-12-28T01:33:00Z,,,,,2025-12-22T01:33:00Z,finance.team,2026-01-05T01:33:00Z,onboarding.team
fd680e8f-2f6e-4d65-9547-65d27cc337a5,D3602011,Vijayawada Krishna Automobiles Pvt Ltd,Krishna Automobiles,78d00f79-033c-47de-97b9-41288ad632a2,ACTIVE,37LPTPM1370N1Z2,LPTPM1370N,REG-D360-2011,2016-11-11,contact@krishnaautomobiles.example.com,9810011110,9120007770,https://krishnaautomobiles.example.com,47500000.00,58,2018,b9a99f5b-2fb2-4ce6-960b-b3fb3ba2ab97,68ecc39c-a4e2-483d-81e3-ed67007d6a04,fdb36154-3871-4908-b541-37aa6e4125c6,7500000.00,INR,Krishna Automobiles Bank Partner,Vijayawada Main Branch,100000987650,HDFC01010,Onboarded via DEALER360 digital onboarding workflow,2026-02-16T02:04:00Z,2026-02-19T02:04:00Z,2026-02-21T02:04:00Z,,,,,2026-02-15T02:04:00Z,fulfillment.ops,2026-03-02T06:04:00Z,onboarding.team
6304588e-d795-48da-870b-744ab77d757d,D3602012,Indore Malwa Motors Pvt Ltd,Malwa Motors,e2f5f63a-e95a-4ba6-93f1-00abf079b41e,ACTIVE,23MQUPM1407P1Z3,MQUPM1407P,REG-D360-2012,2017-12-12,contact@malwamotors.example.com,9810012221,9120008547,https://malwamotors.example.com,50750000.00,62,2019,3fa7690d-cd85-49a4-bb33-51732757f18f,4a700a04-d437-40db-b6cb-ebff86523096,9d631f93-3989-4f77-a6be-019fc075a97d,8000000.00,INR,Malwa Motors Bank Partner,Indore Main Branch,100001086415,HDFC01011,Onboarded via DEALER360 digital onboarding workflow,2026-02-15T01:54:00Z,2026-02-18T01:54:00Z,2026-02-20T01:54:00Z,,,,,2026-02-14T01:54:00Z,onboarding.team,2026-02-24T09:54:00Z,fulfillment.ops
3aba12b5-0499-48cb-88c1-a61a7274ae6b,D3602013,Lucknow Awadh Autowheels Pvt Ltd,Awadh Autowheels,67f46564-fe1f-42d7-8297-e2dcda8013fd,SUBMITTED,09NRVPM1444Q1Z4,NRVPM1444Q,REG-D360-2013,2018-01-13,contact@awadhautowheels.example.com,9810013332,9120009324,https://awadhautowheels.example.com,54000000.00,66,2020,982f96a0-809d-45fd-a8a5-52d68405a3d8,4ce0a269-fa5b-47f2-94eb-cd4f67762676,8c6fa4be-4f86-4601-8ae3-852ab0ab31a1,8500000.00,INR,Awadh Autowheels Bank Partner,Lucknow Main Branch,100001185180,HDFC01012,Onboarded via DEALER360 digital onboarding workflow,2026-02-09T07:55:00Z,,,,,,,2026-02-08T07:55:00Z,sales.ops,2026-02-25T07:55:00Z,credit.controller
4be48349-2ff6-48c0-9868-d88df4b72287,D3602014,Patna Ganga Motors Pvt Ltd,Ganga Motors,bb937c06-7706-441e-b557-602afed6b34a,L1_APPROVED,10PSWPM1481R1Z5,PSWPM1481R,REG-D360-2014,2019-02-14,contact@gangamotors.example.com,9810014443,9120010101,https://gangamotors.example.com,57250000.00,70,2021,a3e5ef62-01a0-4240-a300-b0519b3d3d4b,b315d727-16b8-4574-ae68-c3a9198f7de9,fdb36154-3871-4908-b541-37aa6e4125c6,9000000.00,INR,Ganga Motors Bank Partner,Patna Main Branch,100001283945,HDFC01013,Onboarded via DEALER360 digital onboarding workflow,2026-02-10T04:14:00Z,2026-02-13T04:14:00Z,,,,,,2026-02-09T04:14:00Z,sales.ops,2026-02-11T10:14:00Z,sales.ops
058d0f40-912c-44c5-9c8d-875f37aa4044,D3602015,Bhubaneswar Kalinga Riders Pvt Ltd,Kalinga Riders,ce53df93-dbeb-428e-8783-0ddb4f01c256,PENDING,21QTXPM1518S1Z6,QTXPM1518S,REG-D360-2015,2020-03-15,contact@kalingariders.example.com,9810015554,9120010878,https://kalingariders.example.com,60500000.00,74,2022,a08ffe77-ac19-40d7-80a4-a0aa9c77f0d3,b4366b61-9ebb-4a5b-bc43-27e65a469b0a,525f4312-9a51-4260-9495-7c6371db0c45,9500000.00,INR,Kalinga Riders Bank Partner,Bhubaneswar Main Branch,100001382710,HDFC01014,Onboarded via DEALER360 digital onboarding workflow,,,,,,,,2025-12-23T02:44:00Z,dealer360.admin,2026-01-01T02:44:00Z,fulfillment.ops
8cc0b7e7-5fbd-4dbf-86e5-00e4ce326c91,D3602016,Guwahati Brahmaputra Motors Pvt Ltd,Brahmaputra Motors,2dbb699a-448b-46d4-bd3a-95c34922c048,ACTIVE,18RUYPM1555T1Z7,RUYPM1555T,REG-D360-2016,2021-04-16,contact@brahmaputramotors.example.com,9810016665,9120011655,https://brahmaputramotors.example.com,63750000.00,78,2008,53dc773d-7b72-48f9-82d5-7c909cc7a469,96fe6444-ba84-4dc6-a935-009f2c47ca6a,9d631f93-3989-4f77-a6be-019fc075a97d,10000000.00,INR,Brahmaputra Motors Bank Partner,Guwahati Main Branch,100001481475,HDFC01015,Onboarded via DEALER360 digital onboarding workflow,2025-09-16T04:22:00Z,2025-09-19T04:22:00Z,2025-09-21T04:22:00Z,,,,,2025-09-15T04:22:00Z,finance.team,2025-09-26T10:22:00Z,credit.controller
1184c8e2-8bef-4a13-b226-ff62975c6526,D3602017,Raipur Chhattisgarh Autowheels Pvt Ltd,Chhattisgarh Autowheels,e5309f74-5c69-4101-bd52-fc16710c5603,BLOCKED,22SVZPM1592U1Z8,SVZPM1592U,REG-D360-2017,2022-05-17,contact@chhattisgarhautowheels.example.com,9810017776,9120012432,https://chhattisgarhautowheels.example.com,67000000.00,82,2009,5c0cf47d-a9d3-499b-97f2-9c6a73b3af5e,16f4d79f-6786-4098-bcc6-4a0e6e0cf360,a4d0bf79-6d1b-4350-90fb-ae10037795f0,10500000.00,INR,Chhattisgarh Autowheels Bank Partner,Raipur Main Branch,100001580240,HDFC01016,Onboarded via DEALER360 digital onboarding workflow,2026-01-15T06:36:00Z,2026-01-18T06:36:00Z,2026-01-20T06:36:00Z,,2026-02-19T06:36:00Z,,Credit exposure breach pending finance review,2026-01-14T06:36:00Z,finance.team,2026-01-19T08:36:00Z,sales.ops
85401952-78eb-4009-b96c-15d594f8fb85,D3602018,Ranchi Jharkhand Motors Pvt Ltd,Jharkhand Motors,74c03d6b-83ee-41e4-a721-86980b387ebf,ACTIVE,20TWAPM1629V1Z9,TWAPM1629V,REG-D360-2018,2023-06-18,contact@jharkhandmotors.example.com,9810018887,9120013209,https://jharkhandmotors.example.com,70250000.00,86,2010,c718a0a5-8e28-4a52-8387-d42bc88e1333,bb530c4b-7126-452b-9e90-16cce82fcaab,fdb36154-3871-4908-b541-37aa6e4125c6,11000000.00,INR,Jharkhand Motors Bank Partner,Ranchi Main Branch,100001679005,HDFC01017,Onboarded via DEALER360 digital onboarding workflow,2026-02-05T06:39:00Z,2026-02-08T06:39:00Z,2026-02-10T06:39:00Z,,,,,2026-02-04T06:39:00Z,finance.team,2026-02-11T13:39:00Z,credit.controller
df5ad3b6-c5e1-4f9a-a6bd-42968dfc5c50,D3602019,Gurugram NCR Premium Motors Pvt Ltd,NCR Premium Motors,0286763c-74e0-41a6-89bd-e039b7c902c0,REJECTED,06UXBPM1666W1Z1,UXBPM1666W,REG-D360-2019,2015-07-19,contact@ncrpremiummotors.example.com,9810019998,9120013986,https://ncrpremiummotors.example.com,73500000.00,90,2011,6088474e-cd1f-4b98-a405-a577f331462f,5f407a85-6838-439f-ab9e-6623cafa77da,9d631f93-3989-4f77-a6be-019fc075a97d,11500000.00,INR,NCR Premium Motors Bank Partner,Gurugram Main Branch,100001777770,HDFC01018,Onboarded via DEALER360 digital onboarding workflow,2025-12-29T04:29:00Z,,,2026-01-01T04:29:00Z,,Incomplete GST documentation submitted,,2025-12-28T04:29:00Z,system,2026-01-05T04:29:00Z,purchasing.mgr
578c032f-84d7-4ac8-b93d-23555f25aa08,D3602020,Dehradun Himalayan Riders Pvt Ltd,Himalayan Riders,fda6804c-f518-43a1-9bb0-4771f8b6f425,ACTIVE,05VYCPM1703X1Z2,VYCPM1703X,REG-D360-2020,2016-08-20,contact@himalayanriders.example.com,9810021109,9120014763,https://himalayanriders.example.com,76750000.00,94,2012,8c8abfe6-cffb-45f8-a972-831392dc5620,b64d1c6e-9104-4f0b-a423-0415fe218704,9b8a9494-9654-493a-9349-4fceb9c0e709,12000000.00,INR,Himalayan Riders Bank Partner,Dehradun Main Branch,100001876535,HDFC01019,Onboarded via DEALER360 digital onboarding workflow,2026-02-22T08:10:00Z,2026-02-25T08:10:00Z,2026-02-27T08:10:00Z,,,,,2026-02-21T08:10:00Z,fulfillment.ops,2026-02-23T15:10:00Z,purchasing.mgr