ID,purchaseOrder_ID,previousStatus,newStatus,changedAt,changedBy,changedByName,reason,createdAt,createdBy,modifiedAt,modifiedBy
b7d1a195-7402-4689-a568-ac89f8ef8008,a1186cb9-ff1e-4c0f-85e6-be567cba49f8,INVOICED,CLOSED,2026-03-01T07:05:00Z,fulfillment.ops,Anjali Kumar,Purchase order progressed to CLOSED,2026-02-27T06:05:00Z,onboarding.team,2026-03-01T07:05:00Z,purchasing.mgr
f7b4355c-467e-497e-b48c-35d39cf7bf12,63d7e315-3072-4f7e-8202-55f280ebb1ae,INVOICED,CLOSED,2026-04-07T09:31:00Z,sales.ops,Suresh Menon,Purchase order progressed to CLOSED,2026-03-24T02:31:00Z,fulfillment.ops,2026-04-07T09:31:00Z,dealer360.admin
c15e51c9-ecdf-40b9-99f6-de617586654f,ca302995-5e0a-44dc-b523-d457fd9d7755,DELIVERED,INVOICED,2026-02-25T12:15:00Z,credit.controller,Meera Gupta,Purchase order progressed to INVOICED,2026-02-11T07:15:00Z,sales.ops,2026-02-25T12:15:00Z,onboarding.team
c3d46929-3a0f-4bb3-ba62-198a5f9056f6,0c400cfd-da3b-4004-96cc-6cb01f711fca,DELIVERED,INVOICED,2025-12-12T12:32:00Z,fulfillment.ops,Aditya Verma,Purchase order progressed to INVOICED,2025-11-29T09:32:00Z,system,2025-12-12T12:32:00Z,purchasing.mgr
5ebf6595-5a2f-4254-b578-e46bdccc1702,c29b4361-70e4-4870-8e27-d02bb8e49957,DISPATCHED,DELIVERED,2026-01-17T13:17:00Z,fulfillment.ops,Kavya Pillai,Purchase order progressed to DELIVERED,2026-01-08T08:17:00Z,finance.team,2026-01-17T13:17:00Z,system
7db1cb90-65e1-4660-97b9-bf34bbdca3aa,d99a2c46-f1be-475d-a119-b72fff822901,DISPATCHED,DELIVERED,2025-11-22T07:34:00Z,dealer360.admin,Rohit Joshi,Purchase order progressed to DELIVERED,2025-11-21T07:34:00Z,sales.ops,2025-11-22T07:34:00Z,system
b3849d79-82a9-415e-a3e4-8ea88c6b5d86,53179412-42f8-4ad5-8228-c03a3b4b43c8,ALLOCATED,DISPATCHED,2026-02-11T07:55:00Z,dealer360.admin,Pooja Chatterjee,Purchase order progressed to DISPATCHED,2026-02-08T05:55:00Z,system,2026-02-11T07:55:00Z,system
c5c2f577-c97f-4d46-973b-66a801e9d807,d0db36aa-c1e2-481b-be1a-ab10630eef94,ALLOCATED,DISPATCHED,2026-05-15T09:02:00Z,finance.team,Manoj Das,Purchase order progressed to DISPATCHED,2026-05-02T06:02:00Z,finance.team,2026-05-15T09:02:00Z,purchasing.mgr
31d60bcb-3f46-459f-80aa-581c9d5d1e52,0334d3e9-8cd7-408b-ae02-ffeaa2d4bdaf,APPROVED,ALLOCATED,2026-04-12T03:31:00Z,sales.ops,Deepa Mishra,Purchase order progressed to ALLOCATED,2026-04-04T02:31:00Z,fulfillment.ops,2026-04-12T03:31:00Z,purchasing.mgr
aef6e92a-0813-4ded-9389-57731516f6c7,0aa6751a-2cb3-49d4-8446-4a430e7a5a0d,APPROVED,ALLOCATED,2026-02-18T03:33:00Z,purchasing.mgr,Sanjay Agarwal,Purchase order progressed to ALLOCATED,2026-02-07T01:33:00Z,dealer360.admin,2026-02-18T03:33:00Z,onboarding.team
2836d1b4-bc16-45c8-ab45-9e1a40ba1cf0,ce2cbf86-816a-44f9-934d-eaa69bce8e11,PENDING_APPROVAL,APPROVED,2026-04-11T08:04:00Z,dealer360.admin,Nisha Bose,Purchase order progressed to APPROVED,2026-04-04T02:04:00Z,sales.ops,2026-04-11T08:04:00Z,sales.ops
130dbbe1-66ab-40af-9a36-e427bd15af44,b8cf2881-6c60-4ba5-9553-9ee06e695cfd,PENDING_APPROVAL,APPROVED,2026-04-10T08:54:00Z,credit.controller,Ravi Naidu,Purchase order progressed to APPROVED,2026-04-04T01:54:00Z,sales.ops,2026-04-10T08:54:00Z,finance.team
13c5dfa0-bd67-4e73-8466-97b01642458e,cf44a552-e0cb-48a4-9d4f-a6339ee49983,SUBMITTED,PENDING_APPROVAL,2026-04-15T14:55:00Z,fulfillment.ops,Shalini Bhat,Purchase order progressed to PENDING_APPROVAL,2026-03-30T07:55:00Z,dealer360.admin,2026-04-15T14:55:00Z,dealer360.admin
dec8d92f-f510-4230-bddf-035477fc9843,741a95d3-fe82-4ebf-a4c0-b07189177324,DRAFT,SUBMITTED,2026-04-04T10:14:00Z,sales.ops,Arjun Sharma,Purchase order progressed to SUBMITTED,2026-04-01T04:14:00Z,finance.team,2026-04-04T10:14:00Z,system
1581983f-a5b4-4289-bac7-e1dce262b590,8db90b39-fe81-4cc2-b5e2-a1b9f5f38eb2,DRAFT,DRAFT,2026-02-20T08:44:00Z,sales.ops,Priya Reddy,Purchase order progressed to DRAFT,2026-02-13T02:44:00Z,sales.ops,2026-02-20T08:44:00Z,sales.ops
98aa4571-b3db-48de-8ee6-44e4c01399f4,4628f2e2-6c4a-43cf-a421-6de6579d6fdb,SUBMITTED,CREDIT_BLOCKED,2025-11-17T09:22:00Z,onboarding.team,Vikram Nair,Purchase order progressed to CREDIT_BLOCKED,2025-11-07T04:22:00Z,purchasing.mgr,2025-11-17T09:22:00Z,finance.team
5b12b891-9cc7-487b-a271-2d9825b23422,cd32592a-0c2f-4d36-b8f0-806ccec07dd3,APPROVED,CANCELLED,2026-03-13T08:36:00Z,finance.team,Sneha Iyer,Purchase order progressed to CANCELLED,2026-03-09T06:36:00Z,sales.ops,2026-03-13T08:36:00Z,dealer360.admin
43ef1f60-5347-4c34-bd92-220bab907eef,1c75ceee-eb78-4596-b497-76a1664c43bb,PENDING_APPROVAL,REJECTED,2026-04-14T11:39:00Z,onboarding.team,Rahul Patel,Purchase order progressed to REJECTED,2026-03-31T06:39:00Z,credit.controller,2026-04-14T11:39:00Z,finance.team
d3a5d146-3695-4a31-8443-1cf983eafb2f,2d5c33d6-59f6-4155-9576-9844f973be86,INVOICED,CLOSED,2026-03-13T11:29:00Z,sales.ops,Divya Singh,Purchase order progressed to CLOSED,2026-02-22T04:29:00Z,credit.controller,2026-03-13T11:29:00Z,sales.ops
e3168c8a-78e9-4fe8-925f-4ba7f523c507,d2d483f3-233b-4454-ba49-3616c441460d,ALLOCATED,DISPATCHED,2026-04-23T09:10:00Z,onboarding.team,Karthik Rao,Purchase order progressed to DISPATCHED,2026-04-19T08:10:00Z,onboarding.team,2026-04-23T09:10:00Z,fulfillment.ops