ID,requisitionNumber,dealer_ID,status,requestedDate,requiredDate,currency,totalAmount,remarks,submittedAt,approvedAt,rejectedAt,rejectionReason,createdAt,createdBy,modifiedAt,modifiedBy
2dd083ff-ac8e-4026-8b43-355ce60922b2,PR-D360-4000,37b4babf-6f65-47f0-a0fe-3a4b971961b5,CONVERTED,2026-02-19,2026-03-12,INR,386000.00,Stock replenishment requisition for RE Classic 350,2026-02-19T08:05:00Z,2026-02-21T06:05:00Z,,,2026-02-19T06:05:00Z,onboarding.team,2026-03-05T11:05:00Z,system
cfb47fbc-0dd4-4bb3-85fa-11469bc79a4b,PR-D360-4001,c9fd56df-9bb4-4a42-a284-c2a13e850116,CONVERTED,2026-03-16,2026-04-06,INR,597000.00,Stock replenishment requisition for RE Meteor 350,2026-03-16T04:31:00Z,2026-03-18T02:31:00Z,,,2026-03-16T02:31:00Z,credit.controller,2026-04-02T05:31:00Z,sales.ops
f5451038-871f-49ca-8521-bd7bca58cb8a,PR-D360-4002,91367b89-8aa1-4862-ba50-5c96ec23d516,CONVERTED,2026-02-03,2026-02-24,INR,1156000.00,Stock replenishment requisition for RE Himalayan 450,2026-02-03T09:15:00Z,2026-02-05T07:15:00Z,,,2026-02-03T07:15:00Z,fulfillment.ops,2026-02-19T14:15:00Z,sales.ops
c1c6f0ba-c0b5-42cb-9b54-5e3a97ec4c22,PR-D360-4003,f2baf2d8-62fe-4c3a-a886-6259edc1e303,CONVERTED,2025-11-21,2025-12-12,INR,745000.00,Stock replenishment requisition for RE Hunter 350,2025-11-21T11:32:00Z,2025-11-23T09:32:00Z,,,2025-11-21T09:32:00Z,dealer360.admin,2025-12-09T10:32:00Z,credit.controller
6da4ab79-479f-420a-8bde-21ae8b97d3d9,PR-D360-4004,17acb60a-8bea-4d3e-87a2-b09cea5883ce,CONVERTED,2025-12-31,2026-01-21,INR,640000.00,Stock replenishment requisition for RE Continental GT 650,2025-12-31T10:17:00Z,2026-01-02T08:17:00Z,,,2025-12-31T08:17:00Z,finance.team,2026-01-18T16:17:00Z,finance.team
2f5e6af3-3712-4df5-ae51-056701a44370,PR-D360-4005,e35e0199-55da-4807-827c-fa327aa19fbf,CONVERTED,2025-11-13,2025-12-04,INR,930000.00,Stock replenishment requisition for RE Interceptor 650,2025-11-13T09:34:00Z,2025-11-15T07:34:00Z,,,2025-11-13T07:34:00Z,system,2025-11-23T15:34:00Z,sales.ops
faff0e9f-856a-4167-9312-888b63738096,PR-D360-4006,8cdbae52-de09-4510-aec5-04400cc5b0c9,CONVERTED,2026-01-31,2026-02-21,INR,1396000.00,Stock replenishment requisition for RE Super Meteor 650,2026-01-31T07:55:00Z,2026-02-02T05:55:00Z,,,2026-01-31T05:55:00Z,sales.ops,2026-02-06T12:55:00Z,system
22a456e5-a7a6-4d17-b7d4-c75bde983791,PR-D360-4007,7f7722ee-524f-452b-bcd7-984263a1479f,CONVERTED,2026-04-24,2026-05-15,INR,1015000.00,Stock replenishment requisition for RE Scram 411,2026-04-24T08:02:00Z,2026-04-26T06:02:00Z,,,2026-04-24T06:02:00Z,finance.team,2026-04-25T13:02:00Z,onboarding.team
856891dc-11e4-4714-a47d-913756fd2f3b,PR-D360-4008,f07a0c9a-cec2-4461-87e0-df0b06326677,CONVERTED,2026-03-27,2026-04-17,INR,346000.00,Stock replenishment requisition for RE Bullet 350,2026-03-27T04:31:00Z,2026-03-29T02:31:00Z,,,2026-03-27T02:31:00Z,system,2026-04-10T02:31:00Z,purchasing.mgr
735cd422-7905-4a8d-a8aa-b20b1df9b181,PR-D360-4009,99617baf-da8f-403a-b67b-1a8adc416b6d,CONVERTED,2026-01-30,2026-02-20,INR,1077000.00,Stock replenishment requisition for RE Shotgun 650,2026-01-30T03:33:00Z,2026-02-01T01:33:00Z,,,2026-01-30T01:33:00Z,purchasing.mgr,2026-01-30T07:33:00Z,dealer360.admin
6faf8940-cb48-4b32-8cb4-0424a6e1c058,PR-D360-4010,fd680e8f-2f6e-4d65-9547-65d27cc337a5,SUBMITTED,2026-03-27,2026-04-17,INR,1800.00,Stock replenishment requisition for Engine Oil Filter Kit,2026-03-27T04:04:00Z,,,,2026-03-27T02:04:00Z,dealer360.admin,2026-04-02T03:04:00Z,onboarding.team
d3bf1ef6-a052-4783-b63f-50b0a140b13f,PR-D360-4011,6304588e-d795-48da-870b-744ab77d757d,SUBMITTED,2026-03-27,2026-04-17,INR,16000.00,Stock replenishment requisition for Clutch Plate Assembly,2026-03-27T03:54:00Z,,,,2026-03-27T01:54:00Z,dealer360.admin,2026-04-07T02:54:00Z,sales.ops
e33b70d4-eeff-4002-b92d-a76987ab44e1,PR-D360-4012,3aba12b5-0499-48cb-88c1-a61a7274ae6b,PENDING_APPROVAL,2026-03-22,2026-04-12,INR,9000.00,Stock replenishment requisition for Front Brake Disc Rotor,2026-03-22T09:55:00Z,,,,2026-03-22T07:55:00Z,purchasing.mgr,2026-04-06T07:55:00Z,onboarding.team
a18c2371-d20c-4b8d-b6e7-690b80a2cb87,PR-D360-4013,4be48349-2ff6-48c0-9868-d88df4b72287,SUBMITTED,2026-03-24,2026-04-14,INR,20400.00,Stock replenishment requisition for LED Headlamp Assembly,2026-03-24T06:14:00Z,,,,2026-03-24T04:14:00Z,onboarding.team,2026-03-29T06:14:00Z,fulfillment.ops
137a381a-26c5-42cf-819d-90ac2a2bad38,PR-D360-4014,058d0f40-912c-44c5-9c8d-875f37aa4044,DRAFT,2026-02-05,2026-02-26,INR,60000.00,Stock replenishment requisition for Fuel Tank Panel Set,,,,,2026-02-05T02:44:00Z,onboarding.team,2026-02-17T09:44:00Z,onboarding.team
3591f730-6d9d-4b5b-9ceb-e2b52265a3a0,PR-D360-4015,8cc0b7e7-5fbd-4dbf-86e5-00e4ce326c91,APPROVED,2025-10-30,2025-11-20,INR,26000.00,Stock replenishment requisition for Saddle Stay Pannier Rails,2025-10-30T06:22:00Z,2025-11-01T04:22:00Z,,,2025-10-30T04:22:00Z,finance.team,2025-11-01T12:22:00Z,fulfillment.ops
e3805457-267a-4fb6-b049-7c6c239e8a5c,PR-D360-4016,1184c8e2-8bef-4a13-b226-ff62975c6526,CANCELLED,2026-03-01,2026-03-22,INR,8400.00,Stock replenishment requisition for Touring Windscreen Kit,2026-03-01T08:36:00Z,,,,2026-03-01T06:36:00Z,onboarding.team,2026-03-04T08:36:00Z,finance.team
24e71acf-e255-406a-b9b0-e40211adf507,PR-D360-4017,85401952-78eb-4009-b96c-15d594f8fb85,REJECTED,2026-03-23,2026-04-13,INR,5400.00,Stock replenishment requisition for USB Charging Console,2026-03-23T08:39:00Z,,2026-03-25T06:39:00Z,Requested quantity exceeds current allocation quota,2026-03-23T06:39:00Z,dealer360.admin,2026-03-30T06:39:00Z,purchasing.mgr
5b03a9e1-f899-492b-a8a5-fdc981f89a33,PR-D360-4018,df5ad3b6-c5e1-4f9a-a6bd-42968dfc5c50,CONVERTED,2026-02-14,2026-03-07,INR,34000.00,Stock replenishment requisition for Riding Jacket All-Weather,2026-02-14T06:29:00Z,2026-02-16T04:29:00Z,,,2026-02-14T04:29:00Z,onboarding.team,2026-02-28T12:29:00Z,onboarding.team
0ecab744-122d-4c5a-9ffc-27f1eb08317c,PR-D360-4019,578c032f-84d7-4ac8-b93d-23555f25aa08,CONVERTED,2026-04-11,2026-05-02,INR,32500.00,Stock replenishment requisition for Full Face Helmet DOT Certified,2026-04-11T10:10:00Z,2026-04-13T08:10:00Z,,,2026-04-11T08:10:00Z,system,2026-04-18T11:10:00Z,fulfillment.ops