ID,dealer_ID,previousStatus,newStatus,changedAt,changedBy,changedByName,reason,createdAt,createdBy,modifiedAt,modifiedBy
bf353561-636c-4064-84ba-1df2efadefcc,37b4babf-6f65-47f0-a0fe-3a4b971961b5,L1_APPROVED,ACTIVE,2026-01-26T12:05:00Z,dealer360.admin,Divya Singh,Status updated to ACTIVE following onboarding workflow step,2026-01-24T06:05:00Z,dealer360.admin,2026-01-26T12:05:00Z,onboarding.team
2bcfa213-2129-47d2-812b-99be0c0c94c7,c9fd56df-9bb4-4a42-a284-c2a13e850116,L1_APPROVED,ACTIVE,2026-03-03T03:31:00Z,onboarding.team,Karthik Rao,Status updated to ACTIVE following onboarding workflow step,2026-02-17T02:31:00Z,fulfillment.ops,2026-03-03T03:31:00Z,onboarding.team
8154fe1f-de19-4dd5-b1cc-144d642ad002,91367b89-8aa1-4862-ba50-5c96ec23d516,L1_APPROVED,ACTIVE,2026-01-26T13:15:00Z,onboarding.team,Anjali Kumar,Status updated to ACTIVE following onboarding workflow step,2026-01-06T07:15:00Z,purchasing.mgr,2026-01-26T13:15:00Z,sales.ops
20ac271d-251e-4e7e-b139-564440029f63,f2baf2d8-62fe-4c3a-a886-6259edc1e303,L1_APPROVED,ACTIVE,2025-10-23T14:32:00Z,fulfillment.ops,Suresh Menon,Status updated to ACTIVE following onboarding workflow step,2025-10-23T09:32:00Z,finance.team,2025-10-23T14:32:00Z,system
4e72db9b-6dd1-4cde-ab7e-528e80714c1e,17acb60a-8bea-4d3e-87a2-b09cea5883ce,L1_APPROVED,ACTIVE,2025-12-03T14:17:00Z,onboarding.team,Meera Gupta,Status updated to ACTIVE following onboarding workflow step,2025-12-01T08:17:00Z,sales.ops,2025-12-03T14:17:00Z,credit.controller
03cfded4-0598-4c19-8d1b-74434e364003,e35e0199-55da-4807-827c-fa327aa19fbf,L1_APPROVED,ACTIVE,2025-10-31T13:34:00Z,purchasing.mgr,Aditya Verma,Status updated to ACTIVE following onboarding workflow step,2025-10-13T07:34:00Z,sales.ops,2025-10-31T13:34:00Z,onboarding.team
614ef1d8-cfc1-47eb-afcb-5446264238da,8cdbae52-de09-4510-aec5-04400cc5b0c9,L1_APPROVED,ACTIVE,2026-01-09T08:55:00Z,sales.ops,Kavya Pillai,Status updated to ACTIVE following onboarding workflow step,2025-12-30T05:55:00Z,fulfillment.ops,2026-01-09T08:55:00Z,finance.team
0ab2f61e-6441-4f4b-a297-ca80f9f38702,7f7722ee-524f-452b-bcd7-984263a1479f,L1_APPROVED,ACTIVE,2026-04-07T07:02:00Z,fulfillment.ops,Rohit Joshi,Status updated to ACTIVE following onboarding workflow step,2026-03-22T06:02:00Z,credit.controller,2026-04-07T07:02:00Z,fulfillment.ops
21851531-c79e-4513-b562-d2435d6effac,f07a0c9a-cec2-4461-87e0-df0b06326677,L1_APPROVED,ACTIVE,2026-03-13T04:31:00Z,finance.team,Pooja Chatterjee,Status updated to ACTIVE following onboarding workflow step,2026-02-21T02:31:00Z,credit.controller,2026-03-13T04:31:00Z,sales.ops
8e5efbb5-966e-481d-9a92-cd1a9d26b6ab,99617baf-da8f-403a-b67b-1a8adc416b6d,L1_APPROVED,ACTIVE,2026-01-03T04:33:00Z,sales.ops,Manoj Das,Status updated to ACTIVE following onboarding workflow step,2025-12-26T01:33:00Z,finance.team,2026-01-03T04:33:00Z,finance.team
f94f7685-dbe0-4b46-ba35-f4d5318dfa46,fd680e8f-2f6e-4d65-9547-65d27cc337a5,L1_APPROVED,ACTIVE,2026-02-24T09:04:00Z,fulfillment.ops,Deepa Mishra,Status updated to ACTIVE following onboarding workflow step,2026-02-19T02:04:00Z,system,2026-02-24T09:04:00Z,system
db0333b5-9be4-4bf6-ae42-8304ecd6e1ab,6304588e-d795-48da-870b-744ab77d757d,L1_APPROVED,ACTIVE,2026-03-10T06:54:00Z,sales.ops,Sanjay Agarwal,Status updated to ACTIVE following onboarding workflow step,2026-02-18T01:54:00Z,finance.team,2026-03-10T06:54:00Z,system
ee9d143b-2da6-47be-b078-b51dd0e7ef46,3aba12b5-0499-48cb-88c1-a61a7274ae6b,PENDING,SUBMITTED,2026-02-27T14:55:00Z,dealer360.admin,Nisha Bose,Status updated to SUBMITTED following onboarding workflow step,2026-02-12T07:55:00Z,purchasing.mgr,2026-02-27T14:55:00Z,purchasing.mgr
9c8e83bc-865d-45a7-a25c-95587d0093f2,4be48349-2ff6-48c0-9868-d88df4b72287,SUBMITTED,L1_APPROVED,2026-02-24T12:14:00Z,system,Ravi Naidu,Status updated to L1_APPROVED following onboarding workflow step,2026-02-13T04:14:00Z,sales.ops,2026-02-24T12:14:00Z,purchasing.mgr
22fccf69-eeb9-4a17-a723-421c10af8303,058d0f40-912c-44c5-9c8d-875f37aa4044,PENDING,PENDING,2026-01-10T02:44:00Z,purchasing.mgr,Shalini Bhat,Status updated to PENDING following onboarding workflow step,2025-12-27T02:44:00Z,dealer360.admin,2026-01-10T02:44:00Z,fulfillment.ops
0923a3f4-2a14-4522-8952-d0ce5cd7e432,8cc0b7e7-5fbd-4dbf-86e5-00e4ce326c91,L1_APPROVED,ACTIVE,2025-09-21T05:22:00Z,dealer360.admin,Arjun Sharma,Status updated to ACTIVE following onboarding workflow step,2025-09-19T04:22:00Z,onboarding.team,2025-09-21T05:22:00Z,system
47a95e31-4e49-4010-970b-659b00fb3a48,1184c8e2-8bef-4a13-b226-ff62975c6526,ACTIVE,BLOCKED,2026-02-01T09:36:00Z,finance.team,Priya Reddy,Status updated to BLOCKED following onboarding workflow step,2026-01-18T06:36:00Z,fulfillment.ops,2026-02-01T09:36:00Z,system
15618327-8712-4540-afa7-2e2d12948b95,85401952-78eb-4009-b96c-15d594f8fb85,L1_APPROVED,ACTIVE,2026-02-09T13:39:00Z,sales.ops,Vikram Nair,Status updated to ACTIVE following onboarding workflow step,2026-02-08T06:39:00Z,sales.ops,2026-02-09T13:39:00Z,fulfillment.ops
ad93a031-1ea0-4c48-b89f-2daaa993705b,df5ad3b6-c5e1-4f9a-a6bd-42968dfc5c50,SUBMITTED,REJECTED,2026-01-17T06:29:00Z,system,Sneha Iyer,Status updated to REJECTED following onboarding workflow step,2026-01-01T04:29:00Z,dealer360.admin,2026-01-17T06:29:00Z,credit.controller
770d14ad-2162-4c1f-8f3b-14b4e000b403,578c032f-84d7-4ac8-b93d-23555f25aa08,L1_APPROVED,ACTIVE,2026-03-11T16:10:00Z,fulfillment.ops,Rahul Patel,Status updated to ACTIVE following onboarding workflow step,2026-02-25T08:10:00Z,finance.team,2026-03-11T16:10:00Z,fulfillment.ops