ID,fulfillmentNumber,purchaseOrder_ID,status,plannedDispatchDate,actualDispatchDate,plannedDeliveryDate,actualDeliveryDate,carrierName,trackingNumber,shipmentReference,deliveryNoteNumber,deliveryRemarks,invoiceNumber,invoiceDate,closedAt,cancelledAt,cancellationReason,remarks,createdAt,createdBy,modifiedAt,modifiedBy
ed9d8522-6555-42a1-8c0b-6aaa57d9f5fb,FUL-D360-9001,a1186cb9-ff1e-4c0f-85e6-be567cba49f8,DELIVERED,2026-03-02,2026-03-02,2026-03-06,2026-03-06,BlueDart Logistics,TRK100037,SHP-9001,DN-9001,Partial shipment for RE Classic 350,INV-D360-9001,2026-03-07,2026-03-09T06:05:00Z,,,Partial fulfillment for order PO-D360-9000,2026-02-28T06:05:00Z,credit.controller,2026-03-10T08:05:00Z,purchasing.mgr
b0d3cd2e-64a3-4bd7-a3d1-c6b7d44f722c,FUL-D360-9002,a1186cb9-ff1e-4c0f-85e6-be567cba49f8,DELIVERED,2026-03-05,2026-03-05,2026-03-09,2026-03-09,BlueDart Logistics,TRK100074,SHP-9002,DN-9002,Final shipment for RE Classic 350,INV-D360-9002,2026-03-10,2026-03-12T06:05:00Z,,,Final fulfillment for order PO-D360-9000,2026-03-03T06:05:00Z,credit.controller,2026-03-12T06:05:00Z,system
56a1be79-0f61-45cc-98b4-9ac6662d465d,FUL-D360-9003,63d7e315-3072-4f7e-8202-55f280ebb1ae,DELIVERED,2026-03-27,2026-03-27,2026-03-31,2026-03-31,Safexpress Cargo,TRK100111,SHP-9003,DN-9003,Partial shipment for RE Meteor 350,INV-D360-9003,2026-04-01,2026-04-03T02:31:00Z,,,Partial fulfillment for order PO-D360-9001,2026-03-25T02:31:00Z,onboarding.team,2026-03-29T08:31:00Z,fulfillment.ops
1f40dc63-9290-4200-a9a8-bd6d1cd89056,FUL-D360-9004,63d7e315-3072-4f7e-8202-55f280ebb1ae,DELIVERED,2026-03-30,2026-03-30,2026-04-03,2026-04-03,Safexpress Cargo,TRK100148,SHP-9004,DN-9004,Final shipment for RE Meteor 350,INV-D360-9004,2026-04-04,2026-04-06T02:31:00Z,,,Final fulfillment for order PO-D360-9001,2026-03-28T02:31:00Z,onboarding.team,2026-03-29T02:31:00Z,purchasing.mgr
087c532f-98f6-420f-8675-6f46892dfdd0,FUL-D360-9005,ca302995-5e0a-44dc-b523-d457fd9d7755,DELIVERED,2026-02-14,2026-02-14,2026-02-18,2026-02-18,VRL Logistics,TRK100185,SHP-9005,DN-9005,Partial shipment for RE Himalayan 450,INV-D360-9005,2026-02-19,,,,Partial fulfillment for order PO-D360-9002,2026-02-12T07:15:00Z,credit.controller,2026-02-21T08:15:00Z,finance.team
342b53ea-ea1c-40b9-8f8f-9c9e2f3d0cf5,FUL-D360-9006,ca302995-5e0a-44dc-b523-d457fd9d7755,DELIVERED,2026-02-17,2026-02-17,2026-02-21,2026-02-21,VRL Logistics,TRK100222,SHP-9006,DN-9006,Final shipment for RE Himalayan 450,INV-D360-9006,2026-02-22,,,,Final fulfillment for order PO-D360-9002,2026-02-15T07:15:00Z,sales.ops,2026-02-17T13:15:00Z,system
5ea37e60-8174-42bf-8676-65aa416e22ed,FUL-D360-9007,0c400cfd-da3b-4004-96cc-6cb01f711fca,DELIVERED,2025-12-02,2025-12-02,2025-12-06,2025-12-06,TCI Freight,TRK100259,SHP-9007,DN-9007,Partial shipment for RE Hunter 350,INV-D360-9007,2025-12-07,,,,Partial fulfillment for order PO-D360-9003,2025-11-30T09:32:00Z,purchasing.mgr,2025-12-15T14:32:00Z,finance.team
6ad305d9-673d-47eb-8d81-e4760f90de4a,FUL-D360-9008,0c400cfd-da3b-4004-96cc-6cb01f711fca,DELIVERED,2025-12-05,2025-12-05,2025-12-09,2025-12-09,TCI Freight,TRK100296,SHP-9008,DN-9008,Final shipment for RE Hunter 350,INV-D360-9008,2025-12-10,,,,Final fulfillment for order PO-D360-9003,2025-12-03T09:32:00Z,system,2025-12-11T10:32:00Z,system
bcc33055-1998-446a-812c-226bae896988,FUL-D360-9009,c29b4361-70e4-4870-8e27-d02bb8e49957,DELIVERED,2026-01-11,2026-01-11,2026-01-15,2026-01-15,Gati-KWE,TRK100333,SHP-9009,DN-9009,Partial shipment for RE Continental GT 650,,,,,,Partial fulfillment for order PO-D360-9004,2026-01-09T08:17:00Z,credit.controller,2026-01-12T09:17:00Z,dealer360.admin
a3ea4d13-2ca3-4c9f-bb5e-f3e9cfd74141,FUL-D360-9010,c29b4361-70e4-4870-8e27-d02bb8e49957,DELIVERED,2026-01-14,2026-01-14,2026-01-18,2026-01-18,Gati-KWE,TRK100370,SHP-9010,DN-9010,Final shipment for RE Continental GT 650,,,,,,Final fulfillment for order PO-D360-9004,2026-01-12T08:17:00Z,onboarding.team,2026-01-13T16:17:00Z,credit.controller
b16a6c62-408a-43d8-af77-f65689cc91f7,FUL-D360-9011,d99a2c46-f1be-475d-a119-b72fff822901,DELIVERED,2025-11-24,2025-11-24,2025-11-28,2025-11-28,Delhivery B2B,TRK100407,SHP-9011,DN-9011,Partial shipment for RE Interceptor 650,,,,,,Partial fulfillment for order PO-D360-9005,2025-11-22T07:34:00Z,dealer360.admin,2025-11-27T10:34:00Z,onboarding.team
4e8b5131-7cc3-4ac4-83d0-bae27c745811,FUL-D360-9012,d99a2c46-f1be-475d-a119-b72fff822901,DELIVERED,2025-11-27,2025-11-27,2025-12-01,2025-12-01,Delhivery B2B,TRK100444,SHP-9012,DN-9012,Final shipment for RE Interceptor 650,,,,,,Final fulfillment for order PO-D360-9005,2025-11-25T07:34:00Z,purchasing.mgr,2025-12-01T11:34:00Z,credit.controller
08c9ed24-80ba-4586-ada4-c4445de9769a,FUL-D360-9013,53179412-42f8-4ad5-8228-c03a3b4b43c8,DISPATCHED,2026-02-11,2026-02-11,2026-02-15,,DTDC Freight,TRK100481,SHP-9013,,Partial shipment for RE Super Meteor 650,,,,,,Partial fulfillment for order PO-D360-9006,2026-02-09T05:55:00Z,fulfillment.ops,2026-02-09T08:55:00Z,dealer360.admin
88a27d7b-a9fc-43e7-90e3-d1c75107737d,FUL-D360-9014,53179412-42f8-4ad5-8228-c03a3b4b43c8,DISPATCHED,2026-02-14,2026-02-14,2026-02-18,,DTDC Freight,TRK100518,SHP-9014,,Final shipment for RE Super Meteor 650,,,,,,Final fulfillment for order PO-D360-9006,2026-02-12T05:55:00Z,purchasing.mgr,2026-02-13T07:55:00Z,sales.ops
33c19dee-1d3a-4f06-88a0-76af59254fe1,FUL-D360-9015,d0db36aa-c1e2-481b-be1a-ab10630eef94,DISPATCHED,2026-05-05,2026-05-05,2026-05-09,,Rivigo Carrying,TRK100555,SHP-9015,,Partial shipment for RE Scram 411,,,,,,Partial fulfillment for order PO-D360-9007,2026-05-03T06:02:00Z,onboarding.team,2026-05-05T06:02:00Z,finance.team
2e97871d-e2c3-4b89-82db-45ec78153c2b,FUL-D360-9016,d0db36aa-c1e2-481b-be1a-ab10630eef94,DISPATCHED,2026-05-08,2026-05-08,2026-05-12,,Rivigo Carrying,TRK100592,SHP-9016,,Final shipment for RE Scram 411,,,,,,Final fulfillment for order PO-D360-9007,2026-05-06T06:02:00Z,credit.controller,2026-05-13T07:02:00Z,finance.team
657ebf2e-09f9-4fc9-b4c0-f23de8b63d52,FUL-D360-9017,0334d3e9-8cd7-408b-ae02-ffeaa2d4bdaf,ALLOCATED,2026-04-07,,2026-04-11,,BlueDart Logistics,TRK100629,SHP-9017,,Full shipment for RE Bullet 350,,,,,,Full fulfillment for order PO-D360-9008,2026-04-05T02:31:00Z,fulfillment.ops,2026-04-08T10:31:00Z,credit.controller
768cf35b-74fe-4e6f-8075-bd0e29a99efc,FUL-D360-9018,0aa6751a-2cb3-49d4-8446-4a430e7a5a0d,ALLOCATED,2026-02-10,,2026-02-14,,Safexpress Cargo,TRK100666,SHP-9018,,Full shipment for RE Shotgun 650,,,,,,Full fulfillment for order PO-D360-9009,2026-02-08T01:33:00Z,finance.team,2026-02-14T06:33:00Z,sales.ops
ca244a86-22b3-4d91-86d0-06df404accb1,FUL-D360-9019,2d5c33d6-59f6-4155-9576-9844f973be86,DELIVERED,2026-02-25,2026-02-25,2026-03-01,2026-03-01,VRL Logistics,TRK100703,SHP-9019,DN-9019,Full shipment for Riding Jacket All-Weather,INV-D360-9019,2026-03-02,2026-03-04T04:29:00Z,,,Full fulfillment for order PO-D360-9018,2026-02-23T04:29:00Z,credit.controller,2026-03-09T12:29:00Z,sales.ops
3e7d01e1-6593-491f-8293-f8b6d60a7125,FUL-D360-9020,d2d483f3-233b-4454-ba49-3616c441460d,DISPATCHED,2026-04-22,2026-04-22,2026-04-26,,TCI Freight,TRK100740,SHP-9020,,Full shipment for Full Face Helmet DOT Certified,,,,,,Full fulfillment for order PO-D360-9019,2026-04-20T08:10:00Z,sales.ops,2026-05-02T13:10:00Z,purchasing.mgr