ID,purchaseRequisition_ID,approvalRequest_ID,approvalLevel,previousStatus,newStatus,decision,performedAt,performedByUserId,performedByName,performedByEmail,comments,bpaInstanceId,bpaTaskId,correlationId,createdAt,createdBy,modifiedAt,modifiedBy
dd73578f-09c3-46ba-aaf7-f7da403a645b,2dd083ff-ac8e-4026-8b43-355ce60922b2,0ae4ebfe-4751-4663-8d80-3c72df682460,L1,PENDING,APPROVED,APPROVED,2026-02-24T14:05:00Z,purchasing.mgr,Ananya Krishnan,purchasing.mgr@dealer360.example.com,L1 approval decision recorded via BPA workflow,BPA-PR-6000,TASK-7000,CORR-PR-8000,2026-02-20T08:05:00Z,finance.team,2026-02-24T14:05:00Z,onboarding.team
d831f3af-4122-4d55-ab75-dcb719c4627d,cfb47fbc-0dd4-4bb3-85fa-11469bc79a4b,89169fbe-d5bd-4892-9830-c5211deb3eca,L1,PENDING,APPROVED,APPROVED,2026-03-27T09:31:00Z,purchasing.mgr,Ananya Krishnan,purchasing.mgr@dealer360.example.com,L1 approval decision recorded via BPA workflow,BPA-PR-6001,TASK-7001,CORR-PR-8001,2026-03-17T04:31:00Z,sales.ops,2026-03-27T09:31:00Z,sales.ops
204a136f-cfd0-42b0-a3d0-271634658af6,f5451038-871f-49ca-8521-bd7bca58cb8a,70800c34-94e5-44c2-b935-ae4f6487377b,L1,PENDING,APPROVED,APPROVED,2026-02-04T13:15:00Z,purchasing.mgr,Ananya Krishnan,purchasing.mgr@dealer360.example.com,L1 approval decision recorded via BPA workflow,BPA-PR-6002,TASK-7002,CORR-PR-8002,2026-02-04T09:15:00Z,system,2026-02-04T13:15:00Z,fulfillment.ops
7cc18e72-8d9b-4df9-a27a-2699298eebbc,c1c6f0ba-c0b5-42cb-9b54-5e3a97ec4c22,ce9f08bb-45fe-4e5d-b57d-e0c0f439711b,L1,PENDING,APPROVED,APPROVED,2025-11-30T12:32:00Z,purchasing.mgr,Ananya Krishnan,purchasing.mgr@dealer360.example.com,L1 approval decision recorded via BPA workflow,BPA-PR-6003,TASK-7003,CORR-PR-8003,2025-11-22T11:32:00Z,finance.team,2025-11-30T12:32:00Z,sales.ops
a80aa31f-ad68-427f-a7be-179063d1ff37,6da4ab79-479f-420a-8bde-21ae8b97d3d9,01d15a16-0826-4359-90ab-c4a8fd471754,L1,PENDING,APPROVED,APPROVED,2026-01-06T16:17:00Z,purchasing.mgr,Ananya Krishnan,purchasing.mgr@dealer360.example.com,L1 approval decision recorded via BPA workflow,BPA-PR-6004,TASK-7004,CORR-PR-8004,2026-01-01T10:17:00Z,system,2026-01-06T16:17:00Z,onboarding.team
dbb248a9-6315-4aca-8f2d-6709c777b179,2f5e6af3-3712-4df5-ae51-056701a44370,8bb1b330-dd7d-4fcd-adb1-3c4781e5f4c9,L1,PENDING,APPROVED,APPROVED,2025-11-17T09:34:00Z,purchasing.mgr,Ananya Krishnan,purchasing.mgr@dealer360.example.com,L1 approval decision recorded via BPA workflow,BPA-PR-6005,TASK-7005,CORR-PR-8005,2025-11-14T09:34:00Z,sales.ops,2025-11-17T09:34:00Z,fulfillment.ops
cafaf049-ced6-4f25-b9bf-492a0b8a55a7,faff0e9f-856a-4167-9312-888b63738096,1d513411-185e-4bd7-964f-c985a58f6ed1,L1,PENDING,APPROVED,APPROVED,2026-02-18T08:55:00Z,purchasing.mgr,Ananya Krishnan,purchasing.mgr@dealer360.example.com,L1 approval decision recorded via BPA workflow,BPA-PR-6006,TASK-7006,CORR-PR-8006,2026-02-01T07:55:00Z,fulfillment.ops,2026-02-18T08:55:00Z,onboarding.team
3932177a-e1cf-46ed-9b5f-77a954fe77b7,22a456e5-a7a6-4d17-b7d4-c75bde983791,100a5d87-8411-4a52-ab05-af2c555cf1c4,L1,PENDING,APPROVED,APPROVED,2026-04-25T12:02:00Z,purchasing.mgr,Ananya Krishnan,purchasing.mgr@dealer360.example.com,L1 approval decision recorded via BPA workflow,BPA-PR-6007,TASK-7007,CORR-PR-8007,2026-04-25T08:02:00Z,onboarding.team,2026-04-25T12:02:00Z,onboarding.team
7ea2f854-47f6-4c5d-88c8-3057c6ac29ff,856891dc-11e4-4714-a47d-913756fd2f3b,ed200f16-79ef-4b6b-ac0c-889a6e128043,L1,PENDING,APPROVED,APPROVED,2026-03-30T12:31:00Z,purchasing.mgr,Ananya Krishnan,purchasing.mgr@dealer360.example.com,L1 approval decision recorded via BPA workflow,BPA-PR-6008,TASK-7008,CORR-PR-8008,2026-03-28T04:31:00Z,credit.controller,2026-03-30T12:31:00Z,finance.team
7aa44696-7459-4973-b57b-70522a41d7cd,735cd422-7905-4a8d-a8aa-b20b1df9b181,32885465-3b65-43c8-b84f-eb2bf2dd530f,L1,PENDING,APPROVED,APPROVED,2026-02-12T05:33:00Z,purchasing.mgr,Ananya Krishnan,purchasing.mgr@dealer360.example.com,L1 approval decision recorded via BPA workflow,BPA-PR-6009,TASK-7009,CORR-PR-8009,2026-01-31T03:33:00Z,finance.team,2026-02-12T05:33:00Z,purchasing.mgr
56534824-3976-4338-ad7f-ed296410c8cc,6faf8940-cb48-4b32-8cb4-0424a6e1c058,6b819e2e-2661-4c07-b7d1-03d880c45349,L1,PENDING,PENDING,PENDING,2026-04-06T08:04:00Z,purchasing.mgr,Ananya Krishnan,purchasing.mgr@dealer360.example.com,L1 approval decision recorded via BPA workflow,BPA-PR-6010,TASK-7010,CORR-PR-8010,2026-03-28T04:04:00Z,system,2026-04-06T08:04:00Z,finance.team
228726fd-ad0e-4023-8fab-d55ee3277d04,d3bf1ef6-a052-4783-b63f-50b0a140b13f,3f13958f-b737-4910-9461-e1e432956236,L1,PENDING,PENDING,PENDING,2026-03-30T05:54:00Z,purchasing.mgr,Ananya Krishnan,purchasing.mgr@dealer360.example.com,L1 approval decision recorded via BPA workflow,BPA-PR-6011,TASK-7011,CORR-PR-8011,2026-03-28T03:54:00Z,onboarding.team,2026-03-30T05:54:00Z,purchasing.mgr
58a13863-edcb-401f-94b5-6846aaef12b2,e33b70d4-eeff-4002-b92d-a76987ab44e1,3382598b-1601-41cb-b857-ff4d030c60a2,L1,PENDING,PENDING,PENDING,2026-04-05T13:55:00Z,purchasing.mgr,Ananya Krishnan,purchasing.mgr@dealer360.example.com,L1 approval decision recorded via BPA workflow,BPA-PR-6012,TASK-7012,CORR-PR-8012,2026-03-23T09:55:00Z,system,2026-04-05T13:55:00Z,sales.ops
cf1492f6-9cb6-4fb2-8fe1-8d61d1ef770c,a18c2371-d20c-4b8d-b6e7-690b80a2cb87,fcf5c3e7-aeec-4c92-a8a6-64dd3ff56c06,L1,PENDING,PENDING,PENDING,2026-04-05T10:14:00Z,purchasing.mgr,Ananya Krishnan,purchasing.mgr@dealer360.example.com,L1 approval decision recorded via BPA workflow,BPA-PR-6013,TASK-7013,CORR-PR-8013,2026-03-25T06:14:00Z,credit.controller,2026-04-05T10:14:00Z,system
6ba04465-3669-4368-8b30-c04fddb00b41,137a381a-26c5-42cf-819d-90ac2a2bad38,06db0973-60bb-4935-971a-c8caf5e187e9,L1,PENDING,PENDING,PENDING,2026-02-25T07:44:00Z,purchasing.mgr,Ananya Krishnan,purchasing.mgr@dealer360.example.com,L1 approval decision recorded via BPA workflow,BPA-PR-6014,TASK-7014,CORR-PR-8014,2026-02-06T04:44:00Z,system,2026-02-25T07:44:00Z,sales.ops
f8f6c056-e607-481d-a4ee-318a9128f3b2,3591f730-6d9d-4b5b-9ceb-e2b52265a3a0,1001a90d-318c-4fc5-8b2b-dd215ec6178b,L1,PENDING,APPROVED,APPROVED,2025-11-04T10:22:00Z,purchasing.mgr,Ananya Krishnan,purchasing.mgr@dealer360.example.com,L1 approval decision recorded via BPA workflow,BPA-PR-6015,TASK-7015,CORR-PR-8015,2025-10-31T06:22:00Z,dealer360.admin,2025-11-04T10:22:00Z,onboarding.team
43e73fa1-5ec8-4d2b-b3f9-404bf705932d,e3805457-267a-4fb6-b049-7c6c239e8a5c,d14cedae-c43f-486e-950d-d9adf3e0765b,L1,PENDING,PENDING,PENDING,2026-03-12T14:36:00Z,purchasing.mgr,Ananya Krishnan,purchasing.mgr@dealer360.example.com,L1 approval decision recorded via BPA workflow,BPA-PR-6016,TASK-7016,CORR-PR-8016,2026-03-02T08:36:00Z,fulfillment.ops,2026-03-12T14:36:00Z,system
2050b7a4-4bb2-4323-9c4a-52c82d4b3c6a,24e71acf-e255-406a-b9b0-e40211adf507,ae10c9d2-f3f9-4c30-825b-2c52b1ced0b7,L1,PENDING,REJECTED,REJECTED,2026-04-03T14:39:00Z,purchasing.mgr,Ananya Krishnan,purchasing.mgr@dealer360.example.com,L1 approval decision recorded via BPA workflow,BPA-PR-6017,TASK-7017,CORR-PR-8017,2026-03-24T08:39:00Z,finance.team,2026-04-03T14:39:00Z,purchasing.mgr
dbd08eac-70a5-45a5-aa3f-450167f5dd01,5b03a9e1-f899-492b-a8a5-fdc981f89a33,00cab235-dbd7-4a78-89f0-71dfc310e7a0,L1,PENDING,APPROVED,APPROVED,2026-02-25T09:29:00Z,purchasing.mgr,Ananya Krishnan,purchasing.mgr@dealer360.example.com,L1 approval decision recorded via BPA workflow,BPA-PR-6018,TASK-7018,CORR-PR-8018,2026-02-15T06:29:00Z,system,2026-02-25T09:29:00Z,fulfillment.ops
a41c80e0-6fbf-4ac5-bc8d-1bce58ba4366,0ecab744-122d-4c5a-9ffc-27f1eb08317c,9cb5b696-f915-466a-8850-7d426129ebdd,L1,PENDING,APPROVED,APPROVED,2026-04-17T16:10:00Z,purchasing.mgr,Ananya Krishnan,purchasing.mgr@dealer360.example.com,L1 approval decision recorded via BPA workflow,BPA-PR-6019,TASK-7019,CORR-PR-8019,2026-04-12T10:10:00Z,fulfillment.ops,2026-04-17T16:10:00Z,purchasing.mgr