ID,purchaseRequisition_ID,approvalLevel,status,requestedAt,requestedByUserId,requestedByName,requestedByEmail,approverUserId,approverName,approverEmail,approvedAt,rejectedAt,decisionComments,bpaDefinitionId,bpaInstanceId,bpaTaskId,callbackReceivedAt,callbackCorrelationId,errorMessage,createdAt,createdBy,modifiedAt,modifiedBy
0ae4ebfe-4751-4663-8d80-3c72df682460,2dd083ff-ac8e-4026-8b43-355ce60922b2,L1,APPROVED,2026-02-20T06:05:00Z,emp.sharma,Arjun Sharma,arjun.sharma@dealer360.example.com,purchasing.mgr,Ananya Krishnan,purchasing.mgr@dealer360.example.com,2026-02-26T14:05:00Z,,Approved within delegated financial authority,BPA-DEF-PR-L1,BPA-PR-6000,TASK-7000,2026-02-26T14:05:00Z,CORR-PR-8000,,2026-02-20T06:05:00Z,purchasing.mgr,2026-02-26T14:05:00Z,fulfillment.ops
89169fbe-d5bd-4892-9830-c5211deb3eca,cfb47fbc-0dd4-4bb3-85fa-11469bc79a4b,L1,APPROVED,2026-03-17T02:31:00Z,emp.reddy,Priya Reddy,priya.reddy@dealer360.example.com,purchasing.mgr,Ananya Krishnan,purchasing.mgr@dealer360.example.com,2026-03-25T08:31:00Z,,Approved within delegated financial authority,BPA-DEF-PR-L1,BPA-PR-6001,TASK-7001,2026-03-25T08:31:00Z,CORR-PR-8001,,2026-03-17T02:31:00Z,sales.ops,2026-03-25T08:31:00Z,fulfillment.ops
70800c34-94e5-44c2-b935-ae4f6487377b,f5451038-871f-49ca-8521-bd7bca58cb8a,L1,APPROVED,2026-02-04T07:15:00Z,emp.nair,Vikram Nair,vikram.nair@dealer360.example.com,purchasing.mgr,Ananya Krishnan,purchasing.mgr@dealer360.example.com,2026-02-16T14:15:00Z,,Approved within delegated financial authority,BPA-DEF-PR-L1,BPA-PR-6002,TASK-7002,2026-02-16T14:15:00Z,CORR-PR-8002,,2026-02-04T07:15:00Z,credit.controller,2026-02-16T14:15:00Z,credit.controller
ce9f08bb-45fe-4e5d-b57d-e0c0f439711b,c1c6f0ba-c0b5-42cb-9b54-5e3a97ec4c22,L1,APPROVED,2025-11-22T09:32:00Z,emp.iyer,Sneha Iyer,sneha.iyer@dealer360.example.com,purchasing.mgr,Ananya Krishnan,purchasing.mgr@dealer360.example.com,2025-12-01T10:32:00Z,,Approved within delegated financial authority,BPA-DEF-PR-L1,BPA-PR-6003,TASK-7003,2025-12-01T10:32:00Z,CORR-PR-8003,,2025-11-22T09:32:00Z,dealer360.admin,2025-12-01T10:32:00Z,sales.ops
01d15a16-0826-4359-90ab-c4a8fd471754,6da4ab79-479f-420a-8bde-21ae8b97d3d9,L1,APPROVED,2026-01-01T08:17:00Z,emp.patel,Rahul Patel,rahul.patel@dealer360.example.com,purchasing.mgr,Ananya Krishnan,purchasing.mgr@dealer360.example.com,2026-01-13T14:17:00Z,,Approved within delegated financial authority,BPA-DEF-PR-L1,BPA-PR-6004,TASK-7004,2026-01-13T14:17:00Z,CORR-PR-8004,,2026-01-01T08:17:00Z,onboarding.team,2026-01-13T14:17:00Z,system
8bb1b330-dd7d-4fcd-adb1-3c4781e5f4c9,2f5e6af3-3712-4df5-ae51-056701a44370,L1,APPROVED,2025-11-14T07:34:00Z,emp.singh,Divya Singh,divya.singh@dealer360.example.com,purchasing.mgr,Ananya Krishnan,purchasing.mgr@dealer360.example.com,2025-11-15T07:34:00Z,,Approved within delegated financial authority,BPA-DEF-PR-L1,BPA-PR-6005,TASK-7005,2025-11-15T07:34:00Z,CORR-PR-8005,,2025-11-14T07:34:00Z,finance.team,2025-11-15T07:34:00Z,sales.ops
1d513411-185e-4bd7-964f-c985a58f6ed1,faff0e9f-856a-4167-9312-888b63738096,L1,APPROVED,2026-02-01T05:55:00Z,emp.rao,Karthik Rao,karthik.rao@dealer360.example.com,purchasing.mgr,Ananya Krishnan,purchasing.mgr@dealer360.example.com,2026-02-16T11:55:00Z,,Approved within delegated financial authority,BPA-DEF-PR-L1,BPA-PR-6006,TASK-7006,2026-02-16T11:55:00Z,CORR-PR-8006,,2026-02-01T05:55:00Z,fulfillment.ops,2026-02-16T11:55:00Z,sales.ops
100a5d87-8411-4a52-ab05-af2c555cf1c4,22a456e5-a7a6-4d17-b7d4-c75bde983791,L1,APPROVED,2026-04-25T06:02:00Z,emp.kumar,Anjali Kumar,anjali.kumar@dealer360.example.com,purchasing.mgr,Ananya Krishnan,purchasing.mgr@dealer360.example.com,2026-05-11T06:02:00Z,,Approved within delegated financial authority,BPA-DEF-PR-L1,BPA-PR-6007,TASK-7007,2026-05-11T06:02:00Z,CORR-PR-8007,,2026-04-25T06:02:00Z,credit.controller,2026-05-11T06:02:00Z,credit.controller
ed200f16-79ef-4b6b-ac0c-889a6e128043,856891dc-11e4-4714-a47d-913756fd2f3b,L1,APPROVED,2026-03-28T02:31:00Z,emp.menon,Suresh Menon,suresh.menon@dealer360.example.com,purchasing.mgr,Ananya Krishnan,purchasing.mgr@dealer360.example.com,2026-04-15T09:31:00Z,,Approved within delegated financial authority,BPA-DEF-PR-L1,BPA-PR-6008,TASK-7008,2026-04-15T09:31:00Z,CORR-PR-8008,,2026-03-28T02:31:00Z,purchasing.mgr,2026-04-15T09:31:00Z,dealer360.admin
32885465-3b65-43c8-b84f-eb2bf2dd530f,735cd422-7905-4a8d-a8aa-b20b1df9b181,L1,APPROVED,2026-01-31T01:33:00Z,emp.gupta,Meera Gupta,meera.gupta@dealer360.example.com,purchasing.mgr,Ananya Krishnan,purchasing.mgr@dealer360.example.com,2026-02-02T05:33:00Z,,Approved within delegated financial authority,BPA-DEF-PR-L1,BPA-PR-6009,TASK-7009,2026-02-02T05:33:00Z,CORR-PR-8009,,2026-01-31T01:33:00Z,dealer360.admin,2026-02-02T05:33:00Z,finance.team
6b819e2e-2661-4c07-b7d1-03d880c45349,6faf8940-cb48-4b32-8cb4-0424a6e1c058,L1,PENDING,2026-03-28T02:04:00Z,emp.verma,Aditya Verma,aditya.verma@dealer360.example.com,purchasing.mgr,Ananya Krishnan,purchasing.mgr@dealer360.example.com,,,,BPA-DEF-PR-L1,BPA-PR-6010,TASK-7010,,CORR-PR-8010,,2026-03-28T02:04:00Z,credit.controller,2026-04-07T02:04:00Z,finance.team
3f13958f-b737-4910-9461-e1e432956236,d3bf1ef6-a052-4783-b63f-50b0a140b13f,L1,PENDING,2026-03-28T01:54:00Z,emp.pillai,Kavya Pillai,kavya.pillai@dealer360.example.com,purchasing.mgr,Ananya Krishnan,purchasing.mgr@dealer360.example.com,,,,BPA-DEF-PR-L1,BPA-PR-6011,TASK-7011,,CORR-PR-8011,,2026-03-28T01:54:00Z,purchasing.mgr,2026-04-09T02:54:00Z,finance.team
3382598b-1601-41cb-b857-ff4d030c60a2,e33b70d4-eeff-4002-b92d-a76987ab44e1,L1,PENDING,2026-03-23T07:55:00Z,emp.joshi,Rohit Joshi,rohit.joshi@dealer360.example.com,purchasing.mgr,Ananya Krishnan,purchasing.mgr@dealer360.example.com,,,,BPA-DEF-PR-L1,BPA-PR-6012,TASK-7012,,CORR-PR-8012,,2026-03-23T07:55:00Z,onboarding.team,2026-04-10T10:55:00Z,fulfillment.ops
fcf5c3e7-aeec-4c92-a8a6-64dd3ff56c06,a18c2371-d20c-4b8d-b6e7-690b80a2cb87,L1,PENDING,2026-03-25T04:14:00Z,emp.chatterjee,Pooja Chatterjee,pooja.chatterjee@dealer360.example.com,purchasing.mgr,Ananya Krishnan,purchasing.mgr@dealer360.example.com,,,,BPA-DEF-PR-L1,BPA-PR-6013,TASK-7013,,CORR-PR-8013,,2026-03-25T04:14:00Z,sales.ops,2026-04-06T06:14:00Z,fulfillment.ops
06db0973-60bb-4935-971a-c8caf5e187e9,137a381a-26c5-42cf-819d-90ac2a2bad38,L1,PENDING,2026-02-06T02:44:00Z,emp.das,Manoj Das,manoj.das@dealer360.example.com,purchasing.mgr,Ananya Krishnan,purchasing.mgr@dealer360.example.com,,,,BPA-DEF-PR-L1,BPA-PR-6014,TASK-7014,,CORR-PR-8014,,2026-02-06T02:44:00Z,onboarding.team,2026-02-07T03:44:00Z,credit.controller
1001a90d-318c-4fc5-8b2b-dd215ec6178b,3591f730-6d9d-4b5b-9ceb-e2b52265a3a0,L1,APPROVED,2025-10-31T04:22:00Z,emp.mishra,Deepa Mishra,deepa.mishra@dealer360.example.com,purchasing.mgr,Ananya Krishnan,purchasing.mgr@dealer360.example.com,2025-11-02T09:22:00Z,,Approved within delegated financial authority,BPA-DEF-PR-L1,BPA-PR-6015,TASK-7015,2025-11-02T09:22:00Z,CORR-PR-8015,,2025-10-31T04:22:00Z,onboarding.team,2025-11-02T09:22:00Z,fulfillment.ops
d14cedae-c43f-486e-950d-d9adf3e0765b,e3805457-267a-4fb6-b049-7c6c239e8a5c,L1,PENDING,2026-03-02T06:36:00Z,emp.agarwal,Sanjay Agarwal,sanjay.agarwal@dealer360.example.com,purchasing.mgr,Ananya Krishnan,purchasing.mgr@dealer360.example.com,,,,BPA-DEF-PR-L1,BPA-PR-6016,TASK-7016,,CORR-PR-8016,,2026-03-02T06:36:00Z,system,2026-03-02T10:36:00Z,system
ae10c9d2-f3f9-4c30-825b-2c52b1ced0b7,24e71acf-e255-406a-b9b0-e40211adf507,L1,REJECTED,2026-03-24T06:39:00Z,emp.bose,Nisha Bose,nisha.bose@dealer360.example.com,purchasing.mgr,Ananya Krishnan,purchasing.mgr@dealer360.example.com,,2026-03-31T11:39:00Z,Rejected - budget not available this quarter,BPA-DEF-PR-L1,BPA-PR-6017,TASK-7017,2026-03-31T11:39:00Z,CORR-PR-8017,,2026-03-24T06:39:00Z,onboarding.team,2026-03-31T11:39:00Z,onboarding.team
00cab235-dbd7-4a78-89f0-71dfc310e7a0,5b03a9e1-f899-492b-a8a5-fdc981f89a33,L1,APPROVED,2026-02-15T04:29:00Z,emp.naidu,Ravi Naidu,ravi.naidu@dealer360.example.com,purchasing.mgr,Ananya Krishnan,purchasing.mgr@dealer360.example.com,2026-02-20T10:29:00Z,,Approved within delegated financial authority,BPA-DEF-PR-L1,BPA-PR-6018,TASK-7018,2026-02-20T10:29:00Z,CORR-PR-8018,,2026-02-15T04:29:00Z,sales.ops,2026-02-20T10:29:00Z,purchasing.mgr
9cb5b696-f915-466a-8850-7d426129ebdd,0ecab744-122d-4c5a-9ffc-27f1eb08317c,L1,APPROVED,2026-04-12T08:10:00Z,emp.bhat,Shalini Bhat,shalini.bhat@dealer360.example.com,purchasing.mgr,Ananya Krishnan,purchasing.mgr@dealer360.example.com,2026-04-19T09:10:00Z,,Approved within delegated financial authority,BPA-DEF-PR-L1,BPA-PR-6019,TASK-7019,2026-04-19T09:10:00Z,CORR-PR-8019,,2026-04-12T08:10:00Z,sales.ops,2026-04-19T09:10:00Z,purchasing.mgr