ID,product_ID,dealer_ID,minQuantity,maxQuantity,discountPercentage,validFrom,validTo,status,remarks,createdAt,createdBy,modifiedAt,modifiedBy
a4fee890-8329-418f-93d1-d06da69e6a27,fdfd8e93-cf32-40bf-9a6a-a9a591a0f9b8,37b4babf-6f65-47f0-a0fe-3a4b971961b5,5.000,25.000,2.00,2026-01-10,,ACTIVE,Bulk purchase slab discount for 5+ units,2026-01-10T07:31:00Z,dealer360.admin,2026-01-19T14:31:00Z,sales.ops
0a4f9b09-f88e-4bfd-a99e-f34e2bf3b5ec,ac05facd-af60-4de8-b34d-fe589e504ae7,,10.000,30.000,3.00,2025-12-10,,ACTIVE,Bulk purchase slab discount for 10+ units,2025-12-10T08:29:00Z,fulfillment.ops,2025-12-17T11:29:00Z,dealer360.admin
6f98a9f9-6136-45b0-8936-2436e08d8e65,c9230c2e-9c75-4cbc-897f-47cae21c6f1f,,15.000,35.000,4.00,2025-09-13,,ACTIVE,Bulk purchase slab discount for 15+ units,2025-09-13T04:31:00Z,purchasing.mgr,2025-10-02T11:31:00Z,dealer360.admin
c766b9b1-683f-40f8-932d-cd66ec35100a,68fab7d2-63cb-4bed-9669-86a79995f31a,f2baf2d8-62fe-4c3a-a886-6259edc1e303,20.000,40.000,5.00,2025-09-28,,ACTIVE,Bulk purchase slab discount for 20+ units,2025-09-28T06:08:00Z,onboarding.team,2025-10-06T11:08:00Z,fulfillment.ops
403ca58c-0bce-47af-bf59-50d4dd9c56a7,feccc697-a0b3-4d0f-a703-9e7bd7464c67,,5.000,25.000,6.00,2025-09-12,,ACTIVE,Bulk purchase slab discount for 5+ units,2025-09-12T06:03:00Z,credit.controller,2025-09-30T14:03:00Z,fulfillment.ops
0cd2e946-784e-42d5-9126-d1b30ab1b6e5,0ae20383-60cf-42df-8a2f-1315aecb4254,,10.000,30.000,2.00,2026-01-20,,ACTIVE,Bulk purchase slab discount for 10+ units,2026-01-20T04:04:00Z,system,2026-02-01T12:04:00Z,purchasing.mgr
ee396213-f4c8-48a3-affd-215dd46e2ff4,a6d03314-5d3d-4b7b-a5c5-db2fd1e0769f,8cdbae52-de09-4510-aec5-04400cc5b0c9,15.000,35.000,3.00,2025-10-01,,ACTIVE,Bulk purchase slab discount for 15+ units,2025-10-01T02:06:00Z,fulfillment.ops,2025-10-13T07:06:00Z,fulfillment.ops
4160036e-50f9-4ded-99c5-dcc34848d149,133e2718-5f1f-498a-97cc-f41f28e3b343,,20.000,40.000,4.00,2025-10-07,,ACTIVE,Bulk purchase slab discount for 20+ units,2025-10-07T03:38:00Z,dealer360.admin,2025-10-23T09:38:00Z,dealer360.admin
1241e0e1-698a-4c0b-88ef-8e255122e3a8,eee37578-05a4-4797-850f-5b364e75c4e5,,5.000,25.000,5.00,2025-09-10,,ACTIVE,Bulk purchase slab discount for 5+ units,2025-09-10T02:45:00Z,system,2025-09-20T09:45:00Z,finance.team
c2130695-5d7b-40eb-a899-b718c6268780,3f7b7500-3aa3-436c-8627-ff7d5512f37c,99617baf-da8f-403a-b67b-1a8adc416b6d,10.000,30.000,6.00,2026-01-10,,ACTIVE,Bulk purchase slab discount for 10+ units,2026-01-10T02:20:00Z,finance.team,2026-01-29T07:20:00Z,onboarding.team
46007c41-0af0-44d2-83d9-35be142374b3,cea33d2c-6617-4b1e-a8b2-f84a007f5ff0,,15.000,35.000,2.00,2025-11-16,,ACTIVE,Bulk purchase slab discount for 15+ units,2025-11-16T09:21:00Z,system,2025-12-02T17:21:00Z,purchasing.mgr
0cfe6fc8-9d85-4491-9ddf-0337bb5f4e80,3096e696-591e-40f5-8f14-f5e30e846cc8,,20.000,40.000,3.00,2025-12-31,,ACTIVE,Bulk purchase slab discount for 20+ units,2025-12-31T00:23:00Z,onboarding.team,2026-01-10T01:23:00Z,purchasing.mgr
935961b9-6d80-44c8-b6a0-f437f6211ce3,cb8ce79a-e2eb-4704-8c78-82f6461c6e89,3aba12b5-0499-48cb-88c1-a61a7274ae6b,5.000,25.000,4.00,2025-09-07,,ACTIVE,Bulk purchase slab discount for 5+ units,2025-09-07T09:30:00Z,dealer360.admin,2025-09-15T12:30:00Z,system
98fa9ffb-538f-43e8-a9ff-0daa7058bc88,5970ffd3-ece6-4ad6-814b-3fd7e9a74148,,10.000,30.000,5.00,2025-10-14,,ACTIVE,Bulk purchase slab discount for 10+ units,2025-10-14T08:40:00Z,finance.team,2025-11-02T14:40:00Z,credit.controller
f5494ca5-1166-4972-8ff0-0f89fc763387,b69b640e-ea44-4644-9480-a3d37d48979f,,15.000,35.000,6.00,2025-09-09,,ACTIVE,Bulk purchase slab discount for 15+ units,2025-09-09T09:44:00Z,dealer360.admin,2025-09-12T12:44:00Z,system
58523a35-7662-46e7-90b5-7605a86f103f,074e74a0-a08b-4552-8934-c785894750b4,8cc0b7e7-5fbd-4dbf-86e5-00e4ce326c91,20.000,40.000,2.00,2025-11-20,,ACTIVE,Bulk purchase slab discount for 20+ units,2025-11-20T06:09:00Z,onboarding.team,2025-12-03T09:09:00Z,system
178df961-955b-4d0b-b61e-c218415d74c8,9a88bb0b-43b8-4147-b027-0ca1cdced307,,5.000,25.000,3.00,2025-09-16,,ACTIVE,Bulk purchase slab discount for 5+ units,2025-09-16T02:33:00Z,fulfillment.ops,2025-09-22T10:33:00Z,system
2641b385-92d4-4e3f-a8e0-1e1033032a88,995fe1f7-b283-4f81-b53a-359d3862b739,,10.000,30.000,4.00,2026-01-13,,ACTIVE,Bulk purchase slab discount for 10+ units,2026-01-13T06:20:00Z,fulfillment.ops,2026-01-18T13:20:00Z,fulfillment.ops
6799b912-4ed9-461c-bac6-23d77f16539a,f02c1f93-f492-4208-a51e-bb6831cd79bd,df5ad3b6-c5e1-4f9a-a6bd-42968dfc5c50,15.000,35.000,5.00,2025-11-07,,ACTIVE,Bulk purchase slab discount for 15+ units,2025-11-07T09:30:00Z,purchasing.mgr,2025-11-13T12:30:00Z,purchasing.mgr
f07a1861-48b7-40ea-8775-c7b40413ce1f,18a98bf6-7b8f-4aed-841e-f3eccab1f856,,20.000,40.000,6.00,2025-10-28,,ACTIVE,Bulk purchase slab discount for 20+ units,2025-10-28T04:49:00Z,system,2025-11-06T07:49:00Z,fulfillment.ops