ID,purchaseRequisition_ID,itemNumber,product_ID,quantity,unitOfMeasure,requestedUnitPrice,estimatedAmount,currency,requiredDate,remarks,purchaseOrderItem_ID,createdAt,createdBy,modifiedAt,modifiedBy
c68b5328-196b-477f-a617-d1d0326d0f70,2dd083ff-ac8e-4026-8b43-355ce60922b2,1,fdfd8e93-cf32-40bf-9a6a-a9a591a0f9b8,2.000,EA,193000.00,386000.00,INR,2026-03-12,Requisition line for RE Classic 350,475df67e-370c-46f1-9967-a29864638851,2026-02-19T07:05:00Z,credit.controller,2026-02-23T11:05:00Z,sales.ops
a357f987-5fcf-46e6-8e3f-82baefaff0d7,cfb47fbc-0dd4-4bb3-85fa-11469bc79a4b,1,ac05facd-af60-4de8-b34d-fe589e504ae7,3.000,EA,199000.00,597000.00,INR,2026-04-06,Requisition line for RE Meteor 350,7a345cba-b0b0-458c-9c30-3e3e3fddfc52,2026-03-16T03:31:00Z,dealer360.admin,2026-03-17T09:31:00Z,credit.controller
4ffed416-5ed6-4f9b-8cd2-3d09d420b709,f5451038-871f-49ca-8521-bd7bca58cb8a,1,c9230c2e-9c75-4cbc-897f-47cae21c6f1f,4.000,EA,289000.00,1156000.00,INR,2026-02-24,Requisition line for RE Himalayan 450,a01c847d-d5af-40a0-94bc-c1e5016f5b15,2026-02-03T08:15:00Z,sales.ops,2026-02-09T09:15:00Z,dealer360.admin
535f5d49-d2c0-4e37-8637-9d6335c79343,c1c6f0ba-c0b5-42cb-9b54-5e3a97ec4c22,1,68fab7d2-63cb-4bed-9669-86a79995f31a,5.000,EA,149000.00,745000.00,INR,2025-12-12,Requisition line for RE Hunter 350,4de7d1d8-3af3-4b5c-a243-1b5261964b0b,2025-11-21T10:32:00Z,credit.controller,2025-12-05T10:32:00Z,dealer360.admin
b81e3a17-333c-4cc7-bb38-e1e84926089c,6da4ab79-479f-420a-8bde-21ae8b97d3d9,1,feccc697-a0b3-4d0f-a703-9e7bd7464c67,2.000,EA,320000.00,640000.00,INR,2026-01-21,Requisition line for RE Continental GT 650,359041c4-cdc9-4346-8a45-4e23f462faa6,2025-12-31T09:17:00Z,credit.controller,2026-01-12T16:17:00Z,credit.controller
85a858bf-f19f-4b6a-8d49-3c6e6500bc19,2f5e6af3-3712-4df5-ae51-056701a44370,1,0ae20383-60cf-42df-8a2f-1315aecb4254,3.000,EA,310000.00,930000.00,INR,2025-12-04,Requisition line for RE Interceptor 650,cc597f1c-b70d-4317-a1fa-0fc04dca8976,2025-11-13T08:34:00Z,purchasing.mgr,2025-11-14T10:34:00Z,credit.controller
0d851acc-3637-49d2-a97e-76df4e2edbfa,faff0e9f-856a-4167-9312-888b63738096,1,a6d03314-5d3d-4b7b-a5c5-db2fd1e0769f,4.000,EA,349000.00,1396000.00,INR,2026-02-21,Requisition line for RE Super Meteor 650,c553aa50-c305-446c-aaa9-d741d7154e54,2026-01-31T06:55:00Z,fulfillment.ops,2026-02-18T11:55:00Z,credit.controller
5b782dda-f2ff-443c-bfc6-dd5c8314c459,22a456e5-a7a6-4d17-b7d4-c75bde983791,1,133e2718-5f1f-498a-97cc-f41f28e3b343,5.000,EA,203000.00,1015000.00,INR,2026-05-15,Requisition line for RE Scram 411,1382d148-3614-45f0-ac64-ca94ed623cd3,2026-04-24T07:02:00Z,credit.controller,2026-05-03T09:02:00Z,onboarding.team
68004dde-88f8-4c7f-b6c8-663619a39b4f,856891dc-11e4-4714-a47d-913756fd2f3b,1,eee37578-05a4-4797-850f-5b364e75c4e5,2.000,EA,173000.00,346000.00,INR,2026-04-17,Requisition line for RE Bullet 350,4a1162f9-d808-4fa0-8ac0-bc56a6b94af5,2026-03-27T03:31:00Z,dealer360.admin,2026-04-05T07:31:00Z,finance.team
5854f604-dfc7-4759-b30b-e3b3a8d0642b,735cd422-7905-4a8d-a8aa-b20b1df9b181,1,3f7b7500-3aa3-436c-8627-ff7d5512f37c,3.000,EA,359000.00,1077000.00,INR,2026-02-20,Requisition line for RE Shotgun 650,6b870941-e159-40e3-bd34-81824b22ca77,2026-01-30T02:33:00Z,system,2026-02-19T08:33:00Z,dealer360.admin
d398c0e2-6841-41aa-bfb8-94222092cd30,6faf8940-cb48-4b32-8cb4-0424a6e1c058,1,cea33d2c-6617-4b1e-a8b2-f84a007f5ff0,4.000,EA,450.00,1800.00,INR,2026-04-17,Requisition line for Engine Oil Filter Kit,,2026-03-27T03:04:00Z,fulfillment.ops,2026-04-07T09:04:00Z,onboarding.team
89664c86-fa83-4a02-92db-1fb396424519,d3bf1ef6-a052-4783-b63f-50b0a140b13f,1,3096e696-591e-40f5-8f14-f5e30e846cc8,5.000,EA,3200.00,16000.00,INR,2026-04-17,Requisition line for Clutch Plate Assembly,,2026-03-27T02:54:00Z,purchasing.mgr,2026-04-09T04:54:00Z,onboarding.team
11032f0a-8954-460a-a4d9-f4b65e039183,e33b70d4-eeff-4002-b92d-a76987ab44e1,1,cb8ce79a-e2eb-4704-8c78-82f6461c6e89,2.000,EA,4500.00,9000.00,INR,2026-04-12,Requisition line for Front Brake Disc Rotor,,2026-03-22T08:55:00Z,system,2026-03-27T16:55:00Z,credit.controller
345b35fe-ccf0-4715-bb53-afb4890872e6,a18c2371-d20c-4b8d-b6e7-690b80a2cb87,1,5970ffd3-ece6-4ad6-814b-3fd7e9a74148,3.000,EA,6800.00,20400.00,INR,2026-04-14,Requisition line for LED Headlamp Assembly,,2026-03-24T05:14:00Z,finance.team,2026-03-31T09:14:00Z,system
749c62d7-ae1f-4e3b-8e70-7c6a55e76d46,137a381a-26c5-42cf-819d-90ac2a2bad38,1,b69b640e-ea44-4644-9480-a3d37d48979f,4.000,EA,15000.00,60000.00,INR,2026-02-26,Requisition line for Fuel Tank Panel Set,,2026-02-05T03:44:00Z,onboarding.team,2026-02-06T11:44:00Z,onboarding.team
ec50ab09-8602-46d5-96ba-a683faf7b3eb,3591f730-6d9d-4b5b-9ceb-e2b52265a3a0,1,074e74a0-a08b-4552-8934-c785894750b4,5.000,EA,5200.00,26000.00,INR,2025-11-20,Requisition line for Saddle Stay Pannier Rails,,2025-10-30T05:22:00Z,finance.team,2025-11-16T13:22:00Z,onboarding.team
bc579121-689b-4807-944a-74db628a34e1,e3805457-267a-4fb6-b049-7c6c239e8a5c,1,9a88bb0b-43b8-4147-b027-0ca1cdced307,2.000,EA,4200.00,8400.00,INR,2026-03-22,Requisition line for Touring Windscreen Kit,,2026-03-01T07:36:00Z,credit.controller,2026-03-08T11:36:00Z,fulfillment.ops
fcf369bf-a475-4da1-ba7a-79d3ac53acfc,24e71acf-e255-406a-b9b0-e40211adf507,1,995fe1f7-b283-4f81-b53a-359d3862b739,3.000,EA,1800.00,5400.00,INR,2026-04-13,Requisition line for USB Charging Console,,2026-03-23T07:39:00Z,system,2026-04-12T08:39:00Z,fulfillment.ops
f1e50ed2-f4af-411f-9bda-0c3d2c0bcbab,5b03a9e1-f899-492b-a8a5-fdc981f89a33,1,f02c1f93-f492-4208-a51e-bb6831cd79bd,4.000,EA,8500.00,34000.00,INR,2026-03-07,Requisition line for Riding Jacket All-Weather,e4aa6663-08b7-4036-877a-8b1eac830f63,2026-02-14T05:29:00Z,credit.controller,2026-02-16T13:29:00Z,dealer360.admin
7b3a44a1-b3b3-4f7f-b2ae-3b1132e6915c,0ecab744-122d-4c5a-9ffc-27f1eb08317c,1,18a98bf6-7b8f-4aed-841e-f3eccab1f856,5.000,EA,6500.00,32500.00,INR,2026-05-02,Requisition line for Full Face Helmet DOT Certified,958ef245-36e0-4b7a-958d-0185cef09398,2026-04-11T09:10:00Z,dealer360.admin,2026-04-19T15:10:00Z,sales.ops