ID,fulfillment_ID,purchaseOrderItem_ID,orderedQuantity,fulfilledQuantity,pendingQuantity,unitOfMeasure,remarks,createdAt,createdBy,modifiedAt,modifiedBy
93cee7a2-929a-4f43-b628-ea91300c8da2,ed9d8522-6555-42a1-8c0b-6aaa57d9f5fb,475df67e-370c-46f1-9967-a29864638851,2.000,1.200,0.800,EA,Partial quantity fulfilled,2026-02-28T07:05:00Z,credit.controller,2026-03-20T08:05:00Z,purchasing.mgr
6beabf97-8cc4-4562-ac52-aa5a392321f9,b0d3cd2e-64a3-4bd7-a3d1-c6b7d44f722c,475df67e-370c-46f1-9967-a29864638851,2.000,0.800,1.200,EA,Final quantity fulfilled,2026-03-03T07:05:00Z,credit.controller,2026-03-15T08:05:00Z,system
343d41b7-c9f4-4023-bfae-593f364e7b63,56a1be79-0f61-45cc-98b4-9ac6662d465d,7a345cba-b0b0-458c-9c30-3e3e3fddfc52,3.000,1.800,1.200,EA,Partial quantity fulfilled,2026-03-25T03:31:00Z,system,2026-04-11T05:31:00Z,sales.ops
ea511991-5470-4442-a223-9946114ec40e,1f40dc63-9290-4200-a9a8-bd6d1cd89056,7a345cba-b0b0-458c-9c30-3e3e3fddfc52,3.000,1.200,1.800,EA,Final quantity fulfilled,2026-03-28T03:31:00Z,onboarding.team,2026-04-17T11:31:00Z,onboarding.team
156c3e8f-a378-4a73-a7ca-a5788c241f66,087c532f-98f6-420f-8675-6f46892dfdd0,a01c847d-d5af-40a0-94bc-c1e5016f5b15,4.000,2.400,1.600,EA,Partial quantity fulfilled,2026-02-12T08:15:00Z,onboarding.team,2026-03-01T13:15:00Z,sales.ops
ee549a86-abe2-41d8-9cf8-307209252d1d,342b53ea-ea1c-40b9-8f8f-9c9e2f3d0cf5,a01c847d-d5af-40a0-94bc-c1e5016f5b15,4.000,1.600,2.400,EA,Final quantity fulfilled,2026-02-15T08:15:00Z,purchasing.mgr,2026-03-06T08:15:00Z,finance.team
4a268bb9-7592-4602-972d-e5c8657aca91,5ea37e60-8174-42bf-8676-65aa416e22ed,4de7d1d8-3af3-4b5c-a243-1b5261964b0b,5.000,3.000,2.000,EA,Partial quantity fulfilled,2025-11-30T10:32:00Z,purchasing.mgr,2025-12-11T12:32:00Z,sales.ops
1480a1bb-8f47-42b0-b3c3-00c3b3c0c1ba,6ad305d9-673d-47eb-8d81-e4760f90de4a,4de7d1d8-3af3-4b5c-a243-1b5261964b0b,5.000,2.000,3.000,EA,Final quantity fulfilled,2025-12-03T10:32:00Z,dealer360.admin,2025-12-19T15:32:00Z,system
fa8f2e9d-44af-4d74-bb76-5682477a0c22,bcc33055-1998-446a-812c-226bae896988,359041c4-cdc9-4346-8a45-4e23f462faa6,2.000,1.200,0.800,EA,Partial quantity fulfilled,2026-01-09T09:17:00Z,credit.controller,2026-01-10T09:17:00Z,dealer360.admin
58e768ee-c9db-4556-ab45-38fa6fd11cd2,a3ea4d13-2ca3-4c9f-bb5e-f3e9cfd74141,359041c4-cdc9-4346-8a45-4e23f462faa6,2.000,0.800,1.200,EA,Final quantity fulfilled,2026-01-12T09:17:00Z,onboarding.team,2026-01-22T12:17:00Z,fulfillment.ops
4eb107aa-6938-4e5d-999e-b84a07222845,b16a6c62-408a-43d8-af77-f65689cc91f7,cc597f1c-b70d-4317-a1fa-0fc04dca8976,3.000,1.800,1.200,EA,Partial quantity fulfilled,2025-11-22T08:34:00Z,purchasing.mgr,2025-11-24T15:34:00Z,purchasing.mgr
89b30752-165a-42a9-8fbf-5dce582fdc05,4e8b5131-7cc3-4ac4-83d0-bae27c745811,cc597f1c-b70d-4317-a1fa-0fc04dca8976,3.000,1.200,1.800,EA,Final quantity fulfilled,2025-11-25T08:34:00Z,system,2025-12-09T13:34:00Z,credit.controller
2c8c1cf4-040f-4b4a-99a9-3a597eceb622,08c9ed24-80ba-4586-ada4-c4445de9769a,c553aa50-c305-446c-aaa9-d741d7154e54,4.000,2.400,1.600,EA,Partial quantity fulfilled,2026-02-09T06:55:00Z,onboarding.team,2026-02-19T06:55:00Z,purchasing.mgr
c247a038-9452-4bc5-95e3-164036d787c6,88a27d7b-a9fc-43e7-90e3-d1c75107737d,c553aa50-c305-446c-aaa9-d741d7154e54,4.000,1.600,2.400,EA,Final quantity fulfilled,2026-02-12T06:55:00Z,onboarding.team,2026-02-13T09:55:00Z,fulfillment.ops
afaac856-63b4-4936-9b36-edca7276d170,33c19dee-1d3a-4f06-88a0-76af59254fe1,1382d148-3614-45f0-ac64-ca94ed623cd3,5.000,3.000,2.000,EA,Partial quantity fulfilled,2026-05-03T07:02:00Z,purchasing.mgr,2026-05-10T11:02:00Z,fulfillment.ops
33fcbfa5-4ac8-41bf-8805-36179c394c2b,2e97871d-e2c3-4b89-82db-45ec78153c2b,1382d148-3614-45f0-ac64-ca94ed623cd3,5.000,2.000,3.000,EA,Final quantity fulfilled,2026-05-06T07:02:00Z,finance.team,2026-05-24T08:02:00Z,sales.ops
d0711285-b310-47a9-b1e7-9ec648de7bc4,657ebf2e-09f9-4fc9-b4c0-f23de8b63d52,4a1162f9-d808-4fa0-8ac0-bc56a6b94af5,2.000,0.000,2.000,EA,Full quantity fulfilled,2026-04-05T03:31:00Z,system,2026-04-19T07:31:00Z,purchasing.mgr
f416b3d1-7363-4d0d-a99e-83615f1456b9,768cf35b-74fe-4e6f-8075-bd0e29a99efc,6b870941-e159-40e3-bd34-81824b22ca77,3.000,0.000,3.000,EA,Full quantity fulfilled,2026-02-08T02:33:00Z,onboarding.team,2026-02-15T07:33:00Z,dealer360.admin
9800b342-2335-4459-8ac5-ef7c5b598e86,ca244a86-22b3-4d91-86d0-06df404accb1,e4aa6663-08b7-4036-877a-8b1eac830f63,4.000,4.000,0.000,EA,Full quantity fulfilled,2026-02-23T05:29:00Z,finance.team,2026-03-09T06:29:00Z,sales.ops
829e861b-0c7e-4fcf-a47f-0bd7476033cb,3e7d01e1-6593-491f-8293-f8b6d60a7125,958ef245-36e0-4b7a-958d-0185cef09398,5.000,5.000,0.000,EA,Full quantity fulfilled,2026-04-20T09:10:00Z,sales.ops,2026-04-22T09:10:00Z,credit.controller