ID,product_ID,price,currency,validFrom,validTo,status,remarks,createdAt,createdBy,modifiedAt,modifiedBy
4fc5d346-0509-4f3e-8dcb-a2040a6d6ae1,fdfd8e93-cf32-40bf-9a6a-a9a591a0f9b8,193000.00,INR,2026-01-13,,ACTIVE,Standard MRP effective for current fiscal year,2026-01-13T08:32:00Z,dealer360.admin,2026-01-29T16:32:00Z,onboarding.team
d4b9362f-81cd-468d-8cdb-aaf1a02682a2,ac05facd-af60-4de8-b34d-fe589e504ae7,199000.00,INR,2025-12-30,,ACTIVE,Standard MRP effective for current fiscal year,2025-12-30T00:40:00Z,purchasing.mgr,2026-01-11T05:40:00Z,dealer360.admin
96acd7c4-0524-4989-a917-b621cc8f2557,c9230c2e-9c75-4cbc-897f-47cae21c6f1f,289000.00,INR,2025-12-01,,ACTIVE,Standard MRP effective for current fiscal year,2025-12-01T01:22:00Z,fulfillment.ops,2025-12-08T02:22:00Z,finance.team
df6991b6-43f6-43ca-a259-836cb1ab4a68,68fab7d2-63cb-4bed-9669-86a79995f31a,149000.00,INR,2025-09-12,,ACTIVE,Standard MRP effective for current fiscal year,2025-09-12T05:34:00Z,system,2025-09-22T07:34:00Z,system
0f593e9c-b0ac-4af9-9665-ea45c1d11dc1,feccc697-a0b3-4d0f-a703-9e7bd7464c67,320000.00,INR,2025-10-17,,ACTIVE,Standard MRP effective for current fiscal year,2025-10-17T02:04:00Z,purchasing.mgr,2025-10-31T02:04:00Z,credit.controller
23ea14de-d467-48fa-af88-b1c4f74b597d,0ae20383-60cf-42df-8a2f-1315aecb4254,310000.00,INR,2025-09-12,,ACTIVE,Standard MRP effective for current fiscal year,2025-09-12T03:56:00Z,purchasing.mgr,2025-09-13T08:56:00Z,onboarding.team
ab656210-e2e1-4302-aa18-e91b79d2a669,a6d03314-5d3d-4b7b-a5c5-db2fd1e0769f,349000.00,INR,2026-01-18,,ACTIVE,Standard MRP effective for current fiscal year,2026-01-18T07:16:00Z,purchasing.mgr,2026-01-19T10:16:00Z,fulfillment.ops
77eef0e8-6fb8-4ca8-a2af-445a1529aeb2,133e2718-5f1f-498a-97cc-f41f28e3b343,203000.00,INR,2025-09-13,,ACTIVE,Standard MRP effective for current fiscal year,2025-09-13T05:17:00Z,onboarding.team,2025-09-16T10:17:00Z,onboarding.team
18514035-80bf-45ec-961e-f82e963ecfb6,eee37578-05a4-4797-850f-5b364e75c4e5,173000.00,INR,2025-12-22,,ACTIVE,Standard MRP effective for current fiscal year,2025-12-22T06:21:00Z,system,2025-12-27T13:21:00Z,fulfillment.ops
a4f575a8-89d0-4ff0-bba3-eb5edbe71b1e,3f7b7500-3aa3-436c-8627-ff7d5512f37c,359000.00,INR,2026-01-11,,ACTIVE,Standard MRP effective for current fiscal year,2026-01-11T04:51:00Z,sales.ops,2026-01-13T10:51:00Z,onboarding.team
5185e453-811e-4d36-9c5b-d6d7d446c44a,cea33d2c-6617-4b1e-a8b2-f84a007f5ff0,450.00,INR,2025-10-17,,ACTIVE,Standard MRP effective for current fiscal year,2025-10-17T08:18:00Z,sales.ops,2025-10-27T09:18:00Z,fulfillment.ops
3af43639-e8b8-4378-8e9b-f664a1f16df3,3096e696-591e-40f5-8f14-f5e30e846cc8,3200.00,INR,2025-11-15,,ACTIVE,Standard MRP effective for current fiscal year,2025-11-15T04:28:00Z,finance.team,2025-12-04T10:28:00Z,system
601a1e52-705a-4c7e-bd63-37088f8ef4be,cb8ce79a-e2eb-4704-8c78-82f6461c6e89,4500.00,INR,2025-11-29,,ACTIVE,Standard MRP effective for current fiscal year,2025-11-29T07:02:00Z,purchasing.mgr,2025-12-10T13:02:00Z,dealer360.admin
b504d11c-0bed-4e2d-bedd-81856fe9be58,5970ffd3-ece6-4ad6-814b-3fd7e9a74148,6800.00,INR,2025-09-20,,ACTIVE,Standard MRP effective for current fiscal year,2025-09-20T06:23:00Z,dealer360.admin,2025-10-06T08:23:00Z,finance.team
1168ac01-d99a-4682-b1b6-410864f5aa20,b69b640e-ea44-4644-9480-a3d37d48979f,15000.00,INR,2025-12-22,,ACTIVE,Standard MRP effective for current fiscal year,2025-12-22T00:08:00Z,fulfillment.ops,2025-12-24T03:08:00Z,fulfillment.ops
e688e06f-0a4f-4fb6-9a9a-0adba94eabec,074e74a0-a08b-4552-8934-c785894750b4,5200.00,INR,2025-12-08,,ACTIVE,Standard MRP effective for current fiscal year,2025-12-08T09:02:00Z,system,2025-12-27T11:02:00Z,fulfillment.ops
29149016-4d92-4eed-9cc9-ba5de90d314e,9a88bb0b-43b8-4147-b027-0ca1cdced307,4200.00,INR,2025-12-05,,ACTIVE,Standard MRP effective for current fiscal year,2025-12-05T07:48:00Z,fulfillment.ops,2025-12-07T09:48:00Z,onboarding.team
19a415de-01df-4228-a507-db507c14dfae,995fe1f7-b283-4f81-b53a-359d3862b739,1800.00,INR,2025-11-20,,ACTIVE,Standard MRP effective for current fiscal year,2025-11-20T04:15:00Z,finance.team,2025-11-23T04:15:00Z,system
89754571-546f-4c7c-867a-c6c24cee4620,f02c1f93-f492-4208-a51e-bb6831cd79bd,8500.00,INR,2026-01-11,,ACTIVE,Standard MRP effective for current fiscal year,2026-01-11T06:58:00Z,purchasing.mgr,2026-01-28T07:58:00Z,purchasing.mgr
2a14f96c-6685-4c65-b805-5d72a54e46c7,18a98bf6-7b8f-4aed-841e-f3eccab1f856,6500.00,INR,2025-12-24,,ACTIVE,Standard MRP effective for current fiscal year,2025-12-24T03:39:00Z,credit.controller,2026-01-02T10:39:00Z,sales.ops