ID,dealer_ID,approvalLevel,status,approverUserId,approverName,approverEmail,requestedAt,approvedAt,rejectedAt,comments,bpaInstanceId,createdAt,createdBy,modifiedAt,modifiedBy
5c086fc1-3d32-4a06-841b-08340d9307b6,37b4babf-6f65-47f0-a0fe-3a4b971961b5,L1,APPROVED,emp.sharma,Sneha Iyer,approver0@dealer360.example.com,2026-01-23T06:05:00Z,2026-02-09T11:05:00Z,,Onboarding documents verified and approved,BPA-ONB-5000,2026-01-23T06:05:00Z,sales.ops,2026-02-09T11:05:00Z,purchasing.mgr
908dddc6-3ec4-4ba4-a21d-6d63252d4c24,c9fd56df-9bb4-4a42-a284-c2a13e850116,L1,APPROVED,emp.reddy,Rahul Patel,approver1@dealer360.example.com,2026-02-16T02:31:00Z,2026-03-06T05:31:00Z,,Onboarding documents verified and approved,BPA-ONB-5001,2026-02-16T02:31:00Z,onboarding.team,2026-03-06T05:31:00Z,dealer360.admin
f65799d4-e8b8-4f16-ac60-f0ed36611cdd,91367b89-8aa1-4862-ba50-5c96ec23d516,L1,APPROVED,emp.nair,Divya Singh,approver2@dealer360.example.com,2026-01-05T07:15:00Z,2026-01-24T11:15:00Z,,Onboarding documents verified and approved,BPA-ONB-5002,2026-01-05T07:15:00Z,dealer360.admin,2026-01-24T11:15:00Z,finance.team
9cb57dc2-d19c-44c9-a112-7180a8eee812,f2baf2d8-62fe-4c3a-a886-6259edc1e303,L1,APPROVED,emp.iyer,Karthik Rao,approver3@dealer360.example.com,2025-10-22T09:32:00Z,2025-10-30T13:32:00Z,,Onboarding documents verified and approved,BPA-ONB-5003,2025-10-22T09:32:00Z,fulfillment.ops,2025-10-30T13:32:00Z,fulfillment.ops
795f2eab-b9bb-469d-ba2d-ecc26cae61fe,17acb60a-8bea-4d3e-87a2-b09cea5883ce,L1,APPROVED,emp.patel,Anjali Kumar,approver4@dealer360.example.com,2025-11-30T08:17:00Z,2025-11-30T10:17:00Z,,Onboarding documents verified and approved,BPA-ONB-5004,2025-11-30T08:17:00Z,finance.team,2025-11-30T10:17:00Z,onboarding.team
3bcd6d0a-f3a1-4bca-a711-c75e8f674175,e35e0199-55da-4807-827c-fa327aa19fbf,L1,APPROVED,emp.singh,Suresh Menon,approver5@dealer360.example.com,2025-10-12T07:34:00Z,2025-10-14T09:34:00Z,,Onboarding documents verified and approved,BPA-ONB-5005,2025-10-12T07:34:00Z,dealer360.admin,2025-10-14T09:34:00Z,sales.ops
3870ba58-0f19-4eec-8957-db12fa903536,8cdbae52-de09-4510-aec5-04400cc5b0c9,L1,APPROVED,emp.rao,Meera Gupta,approver6@dealer360.example.com,2025-12-29T05:55:00Z,2026-01-14T08:55:00Z,,Onboarding documents verified and approved,BPA-ONB-5006,2025-12-29T05:55:00Z,onboarding.team,2026-01-14T08:55:00Z,onboarding.team
714fa23c-cf25-4229-9052-84a0926d4438,7f7722ee-524f-452b-bcd7-984263a1479f,L1,APPROVED,emp.kumar,Aditya Verma,approver7@dealer360.example.com,2026-03-21T06:02:00Z,2026-04-04T11:02:00Z,,Onboarding documents verified and approved,BPA-ONB-5007,2026-03-21T06:02:00Z,finance.team,2026-04-04T11:02:00Z,fulfillment.ops
5054f693-9f9a-4f38-b5e7-4f30555bbd4d,f07a0c9a-cec2-4461-87e0-df0b06326677,L1,APPROVED,emp.menon,Kavya Pillai,approver8@dealer360.example.com,2026-02-20T02:31:00Z,2026-03-01T07:31:00Z,,Onboarding documents verified and approved,BPA-ONB-5008,2026-02-20T02:31:00Z,sales.ops,2026-03-01T07:31:00Z,dealer360.admin
1ccd9e45-5f5e-4cac-a630-1b096851195a,99617baf-da8f-403a-b67b-1a8adc416b6d,L1,APPROVED,emp.gupta,Rohit Joshi,approver9@dealer360.example.com,2025-12-25T01:33:00Z,2025-12-29T03:33:00Z,,Onboarding documents verified and approved,BPA-ONB-5009,2025-12-25T01:33:00Z,dealer360.admin,2025-12-29T03:33:00Z,sales.ops
0aa3bb62-92bc-48a7-a4a9-aaaf4f789c3b,fd680e8f-2f6e-4d65-9547-65d27cc337a5,L1,APPROVED,emp.verma,Pooja Chatterjee,approver10@dealer360.example.com,2026-02-18T02:04:00Z,2026-02-26T09:04:00Z,,Onboarding documents verified and approved,BPA-ONB-5010,2026-02-18T02:04:00Z,onboarding.team,2026-02-26T09:04:00Z,system
36e2ca1c-d1c3-4bf4-9f85-de76c299acc4,6304588e-d795-48da-870b-744ab77d757d,L1,APPROVED,emp.pillai,Manoj Das,approver11@dealer360.example.com,2026-02-17T01:54:00Z,2026-03-08T08:54:00Z,,Onboarding documents verified and approved,BPA-ONB-5011,2026-02-17T01:54:00Z,onboarding.team,2026-03-08T08:54:00Z,purchasing.mgr
6c95cac1-9acc-46a1-aaf5-c97ead2c0a2f,3aba12b5-0499-48cb-88c1-a61a7274ae6b,L1,PENDING,emp.joshi,Deepa Mishra,approver12@dealer360.example.com,2026-02-11T07:55:00Z,,,,BPA-ONB-5012,2026-02-11T07:55:00Z,sales.ops,2026-02-17T15:55:00Z,fulfillment.ops
b21c177b-7d63-4614-9fd4-4c559359c626,4be48349-2ff6-48c0-9868-d88df4b72287,L1,APPROVED,emp.chatterjee,Sanjay Agarwal,approver13@dealer360.example.com,2026-02-12T04:14:00Z,2026-02-25T05:14:00Z,,Onboarding documents verified and approved,BPA-ONB-5013,2026-02-12T04:14:00Z,purchasing.mgr,2026-02-25T05:14:00Z,system
112a9a0c-4e5e-4291-9c4c-61c4973ceed9,058d0f40-912c-44c5-9c8d-875f37aa4044,L1,PENDING,emp.das,Nisha Bose,approver14@dealer360.example.com,2025-12-26T02:44:00Z,,,,BPA-ONB-5014,2025-12-26T02:44:00Z,dealer360.admin,2026-01-11T06:44:00Z,credit.controller
f674fcf3-c087-469e-958a-c4440b3efb73,8cc0b7e7-5fbd-4dbf-86e5-00e4ce326c91,L1,APPROVED,emp.mishra,Ravi Naidu,approver15@dealer360.example.com,2025-09-18T04:22:00Z,2025-09-30T04:22:00Z,,Onboarding documents verified and approved,BPA-ONB-5015,2025-09-18T04:22:00Z,dealer360.admin,2025-09-30T04:22:00Z,credit.controller
9844e559-4f0c-4e3f-8f31-aab4865d9861,1184c8e2-8bef-4a13-b226-ff62975c6526,L1,APPROVED,emp.agarwal,Shalini Bhat,approver16@dealer360.example.com,2026-01-17T06:36:00Z,2026-01-26T09:36:00Z,,Onboarding documents verified and approved,BPA-ONB-5016,2026-01-17T06:36:00Z,finance.team,2026-01-26T09:36:00Z,purchasing.mgr
f3bd059c-aaae-4346-b456-2bb90e437f6f,85401952-78eb-4009-b96c-15d594f8fb85,L1,APPROVED,emp.bose,Arjun Sharma,approver17@dealer360.example.com,2026-02-07T06:39:00Z,2026-02-16T11:39:00Z,,Onboarding documents verified and approved,BPA-ONB-5017,2026-02-07T06:39:00Z,sales.ops,2026-02-16T11:39:00Z,dealer360.admin
deb62516-72ef-432e-a673-f22cfbe082e3,df5ad3b6-c5e1-4f9a-a6bd-42968dfc5c50,L1,REJECTED,emp.naidu,Priya Reddy,approver18@dealer360.example.com,2025-12-31T04:29:00Z,,2026-01-15T10:29:00Z,Rejected due to incomplete documentation,BPA-ONB-5018,2025-12-31T04:29:00Z,finance.team,2026-01-15T10:29:00Z,finance.team
a74cae85-bb44-41cc-80b4-d50f35af3ad1,578c032f-84d7-4ac8-b93d-23555f25aa08,L1,APPROVED,emp.bhat,Vikram Nair,approver19@dealer360.example.com,2026-02-24T08:10:00Z,2026-03-08T16:10:00Z,,Onboarding documents verified and approved,BPA-ONB-5019,2026-02-24T08:10:00Z,credit.controller,2026-03-08T16:10:00Z,fulfillment.ops