ID,code,name,description,region_ID,countryCode,isActive,createdAt,createdBy,modifiedAt,modifiedBy
41b6ea28-29f1-4300-b3e2-49df8a664715,KA,Karnataka,Karnataka state,0d2c9f06-cc88-4c90-91f4-93917fa95541,IN,true,2026-04-11T11:29:00Z,finance.team,2026-04-11T15:29:00Z,sales.ops
47020801-df24-47a6-8328-9946d3d853b3,TN,Tamil Nadu,Tamil Nadu state,b66de7f5-44bc-49e3-bb74-639fd3dcd2a3,IN,true,2026-07-18T13:53:00Z,credit.controller,2026-08-07T21:53:00Z,finance.team
2e443597-930e-4340-9d1a-17b4f0f1196a,MH,Maharashtra,Maharashtra state,abf3d478-152f-4130-9d0b-144923355d26,IN,true,2026-03-11T11:34:00Z,fulfillment.ops,2026-03-27T11:34:00Z,system
bb7fd5df-f13b-4b24-b518-ea98b9963088,DL,Delhi,Delhi state,cd62205b-0f38-478c-bb27-349b6a9c708b,IN,true,2025-09-10T10:59:00Z,credit.controller,2025-09-21T14:59:00Z,dealer360.admin
607473cd-03db-444a-9204-4c7dfcffe43f,GJ,Gujarat,Gujarat state,f9334a3c-d4c1-435d-8c35-7f1a9640f8f3,IN,true,2026-01-02T18:05:00Z,sales.ops,2026-01-05T01:05:00Z,finance.team
c0336a81-0969-49c4-929d-c372eba3d22d,PB,Punjab,Punjab state,5d13812c-fff0-4a0f-9f6e-89e3e1de052e,IN,true,2025-11-05T16:35:00Z,onboarding.team,2025-11-10T20:35:00Z,credit.controller
a5d152c9-7dd5-4bbc-a1b9-2aaa64840f69,KL,Kerala,Kerala state,fac30d3e-cfb1-46bd-bd46-9078fc4d53c0,IN,true,2026-06-04T12:45:00Z,fulfillment.ops,2026-06-13T18:45:00Z,system
2f6f3b22-5662-4c5b-8323-782ecec591ec,WB,West Bengal,West Bengal state,b0671089-234c-4da0-90e5-51101da41039,IN,true,2026-05-23T16:07:00Z,sales.ops,2026-05-30T19:07:00Z,fulfillment.ops
dbd73560-945a-4ba4-8315-5a79020ae522,RJ,Rajasthan,Rajasthan state,91b5720a-95a9-494c-ad4a-c0ad2289ee77,IN,true,2025-09-11T18:35:00Z,dealer360.admin,2025-09-18T21:35:00Z,sales.ops
85fd6c79-84fa-46b3-a4d4-85850486b2fb,TS,Telangana,Telangana state,8b3713b6-f4f9-4ecb-a734-e57c14fd7522,IN,true,2026-08-29T09:14:00Z,fulfillment.ops,2026-08-31T09:14:00Z,sales.ops
68ecc39c-a4e2-483d-81e3-ed67007d6a04,AP,Andhra Pradesh,Andhra Pradesh state,b9a99f5b-2fb2-4ce6-960b-b3fb3ba2ab97,IN,true,2026-05-22T12:17:00Z,finance.team,2026-06-06T15:17:00Z,system
4a700a04-d437-40db-b6cb-ebff86523096,MP,Madhya Pradesh,Madhya Pradesh state,3fa7690d-cd85-49a4-bb33-51732757f18f,IN,true,2026-01-03T16:51:00Z,sales.ops,2026-01-16T19:51:00Z,sales.ops
4ce0a269-fa5b-47f2-94eb-cd4f67762676,UP,Uttar Pradesh,Uttar Pradesh state,982f96a0-809d-45fd-a8a5-52d68405a3d8,IN,true,2026-08-04T15:22:00Z,system,2026-08-17T21:22:00Z,dealer360.admin
b315d727-16b8-4574-ae68-c3a9198f7de9,BR,Bihar,Bihar state,a3e5ef62-01a0-4240-a300-b0519b3d3d4b,IN,true,2026-08-11T10:03:00Z,sales.ops,2026-08-23T15:03:00Z,credit.controller
b4366b61-9ebb-4a5b-bc43-27e65a469b0a,OD,Odisha,Odisha state,a08ffe77-ac19-40d7-80a4-a0aa9c77f0d3,IN,true,2025-12-08T12:34:00Z,onboarding.team,2025-12-22T14:34:00Z,finance.team
96fe6444-ba84-4dc6-a935-009f2c47ca6a,AS,Assam,Assam state,53dc773d-7b72-48f9-82d5-7c909cc7a469,IN,true,2026-01-21T16:15:00Z,sales.ops,2026-01-23T23:15:00Z,dealer360.admin
16f4d79f-6786-4098-bcc6-4a0e6e0cf360,CG,Chhattisgarh,Chhattisgarh state,5c0cf47d-a9d3-499b-97f2-9c6a73b3af5e,IN,true,2026-07-31T17:53:00Z,credit.controller,2026-07-31T18:53:00Z,finance.team
bb530c4b-7126-452b-9e90-16cce82fcaab,JH,Jharkhand,Jharkhand state,c718a0a5-8e28-4a52-8387-d42bc88e1333,IN,true,2026-03-28T16:30:00Z,dealer360.admin,2026-04-03T22:30:00Z,finance.team
5f407a85-6838-439f-ab9e-6623cafa77da,HR,Haryana,Haryana state,6088474e-cd1f-4b98-a405-a577f331462f,IN,true,2026-03-14T09:24:00Z,purchasing.mgr,2026-03-22T16:24:00Z,onboarding.team
b64d1c6e-9104-4f0b-a423-0415fe218704,UK,Uttarakhand,Uttarakhand state,8c8abfe6-cffb-45f8-a972-831392dc5620,IN,true,2026-08-23T17:42:00Z,credit.controller,2026-09-07T19:42:00Z,purchasing.mgr