ID,dealer_ID,contactType,firstName,lastName,designation,gender,email,phone,alternatePhone,dateOfBirth,isPrimary,isActive,createdAt,createdBy,modifiedAt,modifiedBy
7fb045b9-ff11-48e7-82b8-326878871724,37b4babf-6f65-47f0-a0fe-3a4b971961b5,PRIMARY,Arjun,Sharma,Dealer Principal,MALE,arjun.sharma@royalmotorsbengaluru.example.com,9910000000,8820000000,1975-01-01,true,true,2026-01-21T06:05:00Z,sales.ops,2026-01-30T12:05:00Z,finance.team
f2e93103-9b09-4013-8f2c-df2c59694d33,c9fd56df-9bb4-4a42-a284-c2a13e850116,PRIMARY,Priya,Reddy,Dealer Principal,FEMALE,priya.reddy@velocityautomotives.example.com,9910002222,8820001111,1976-02-02,true,true,2026-02-14T02:31:00Z,purchasing.mgr,2026-02-15T02:31:00Z,system
d43b305a-0525-4b91-9504-19930ac14453,91367b89-8aa1-4862-ba50-5c96ec23d516,PRIMARY,Vikram,Nair,Dealer Principal,MALE,vikram.nair@highwayriderspune.example.com,9910004444,8820002222,1977-03-03,true,true,2026-01-03T07:15:00Z,credit.controller,2026-01-06T08:15:00Z,finance.team
6deb4a8a-2769-4670-b350-6d6c574a7485,f2baf2d8-62fe-4c3a-a886-6259edc1e303,PRIMARY,Sneha,Iyer,Dealer Principal,FEMALE,sneha.iyer@capitalmotorcycles.example.com,9910006666,8820003333,1978-04-04,true,true,2025-10-20T09:32:00Z,fulfillment.ops,2025-11-01T16:32:00Z,onboarding.team
032afa68-5563-45c7-9cd9-20e66fb8460b,17acb60a-8bea-4d3e-87a2-b09cea5883ce,PRIMARY,Rahul,Patel,Dealer Principal,MALE,rahul.patel@sarthakautowheels.example.com,9910008888,8820004444,1979-05-05,true,true,2025-11-28T08:17:00Z,onboarding.team,2025-12-16T10:17:00Z,sales.ops
d87007a9-1037-4764-85fc-48d31ed56b43,e35e0199-55da-4807-827c-fa327aa19fbf,PRIMARY,Divya,Singh,Dealer Principal,FEMALE,divya.singh@punjabriders.example.com,9910011110,8820005555,1980-06-06,true,true,2025-10-10T07:34:00Z,purchasing.mgr,2025-10-25T13:34:00Z,dealer360.admin
d5ce8378-c328-48cb-bc1a-acc0cad8f074,8cdbae52-de09-4510-aec5-04400cc5b0c9,PRIMARY,Karthik,Rao,Dealer Principal,MALE,karthik.rao@malabarmotors.example.com,9910013332,8820006666,1981-07-07,true,true,2025-12-27T05:55:00Z,system,2026-01-07T08:55:00Z,system
3eeb9b80-d762-4c00-8c86-682234e62306,7f7722ee-524f-452b-bcd7-984263a1479f,PRIMARY,Anjali,Kumar,Dealer Principal,FEMALE,anjali.kumar@easternwheels.example.com,9910015554,8820007777,1982-08-08,true,true,2026-03-19T06:02:00Z,sales.ops,2026-03-26T11:02:00Z,fulfillment.ops
94b125ca-8f8c-4765-bfa0-b8f4aa74c25b,f07a0c9a-cec2-4461-87e0-df0b06326677,PRIMARY,Suresh,Menon,Dealer Principal,MALE,suresh.menon@rajputanaautozone.example.com,9910017776,8820008888,1983-09-09,true,true,2026-02-18T02:31:00Z,dealer360.admin,2026-03-07T07:31:00Z,onboarding.team
73c2b714-98bc-465f-81fb-2c2208e4c551,99617baf-da8f-403a-b67b-1a8adc416b6d,PRIMARY,Meera,Gupta,Dealer Principal,FEMALE,meera.gupta@deccanmotors.example.com,9910019998,8820009999,1984-10-10,true,true,2025-12-23T01:33:00Z,sales.ops,2025-12-31T04:33:00Z,system
f05cec84-7fdd-4921-9c14-22e8213c5bcc,fd680e8f-2f6e-4d65-9547-65d27cc337a5,PRIMARY,Aditya,Verma,Dealer Principal,MALE,aditya.verma@krishnaautomobiles.example.com,9910022220,8820011110,1985-11-11,true,true,2026-02-16T02:04:00Z,dealer360.admin,2026-02-18T05:04:00Z,dealer360.admin
271076c2-6c3b-4106-991b-457ea6240e2b,6304588e-d795-48da-870b-744ab77d757d,PRIMARY,Kavya,Pillai,Dealer Principal,FEMALE,kavya.pillai@malwamotors.example.com,9910024442,8820012221,1986-12-12,true,true,2026-02-15T01:54:00Z,finance.team,2026-02-25T04:54:00Z,credit.controller
a35f05a5-76c7-4d7e-9bae-4ed992b3a433,3aba12b5-0499-48cb-88c1-a61a7274ae6b,PRIMARY,Rohit,Joshi,Dealer Principal,MALE,rohit.joshi@awadhautowheels.example.com,9910026664,8820013332,1987-01-13,true,true,2026-02-09T07:55:00Z,credit.controller,2026-02-11T15:55:00Z,credit.controller
b357122e-2b20-47f4-9ab8-20fe2eb1de5f,4be48349-2ff6-48c0-9868-d88df4b72287,PRIMARY,Pooja,Chatterjee,Dealer Principal,FEMALE,pooja.chatterjee@gangamotors.example.com,9910028886,8820014443,1988-02-14,true,true,2026-02-10T04:14:00Z,finance.team,2026-02-17T09:14:00Z,dealer360.admin
f35fab7b-fb32-463d-83ee-7c0169d17853,058d0f40-912c-44c5-9c8d-875f37aa4044,PRIMARY,Manoj,Das,Dealer Principal,MALE,manoj.das@kalingariders.example.com,9910031108,8820015554,1989-03-15,true,true,2025-12-24T02:44:00Z,finance.team,2026-01-01T04:44:00Z,purchasing.mgr
a2f871e6-c8d8-47ab-9af0-b0d6653f5a6e,8cc0b7e7-5fbd-4dbf-86e5-00e4ce326c91,PRIMARY,Deepa,Mishra,Dealer Principal,FEMALE,deepa.mishra@brahmaputramotors.example.com,9910033330,8820016665,1990-04-16,true,true,2025-09-16T04:22:00Z,dealer360.admin,2025-09-21T05:22:00Z,finance.team
c59aea7f-9395-48fa-8f69-45ea19a3cbe0,1184c8e2-8bef-4a13-b226-ff62975c6526,PRIMARY,Sanjay,Agarwal,Dealer Principal,MALE,sanjay.agarwal@chhattisgarhautowheels.example.com,9910035552,8820017776,1991-05-17,true,true,2026-01-15T06:36:00Z,credit.controller,2026-01-15T11:36:00Z,fulfillment.ops
b0cdc10d-b5e4-41db-9c86-f4e7dbb02956,85401952-78eb-4009-b96c-15d594f8fb85,PRIMARY,Nisha,Bose,Dealer Principal,FEMALE,nisha.bose@jharkhandmotors.example.com,9910037774,8820018887,1992-06-18,true,true,2026-02-05T06:39:00Z,purchasing.mgr,2026-02-05T08:39:00Z,dealer360.admin
0876df90-e8bd-4669-8270-f8b854af183c,df5ad3b6-c5e1-4f9a-a6bd-42968dfc5c50,PRIMARY,Ravi,Naidu,Dealer Principal,MALE,ravi.naidu@ncrpremiummotors.example.com,9910039996,8820019998,1993-07-19,true,true,2025-12-29T04:29:00Z,sales.ops,2026-01-02T10:29:00Z,sales.ops
4a554f16-f8ae-4364-869d-da039dab8a76,578c032f-84d7-4ac8-b93d-23555f25aa08,PRIMARY,Shalini,Bhat,Dealer Principal,FEMALE,shalini.bhat@himalayanriders.example.com,9910042218,8820021109,1994-08-20,true,true,2026-02-22T08:10:00Z,fulfillment.ops,2026-03-09T15:10:00Z,sales.ops