ID,productCode,productName,description,category_ID,unitOfMeasure,basePrice,currency,isActive,createdAt,createdBy,modifiedAt,modifiedBy
fdfd8e93-cf32-40bf-9a6a-a9a591a0f9b8,VEH-CLS350,RE Classic 350,Retro classic 350cc motorcycle,ed4ff988-c57e-4687-95ca-60224e607eeb,EA,193000.00,INR,true,2026-08-05T14:04:00Z,dealer360.admin,2026-08-21T19:04:00Z,onboarding.team
ac05facd-af60-4de8-b34d-fe589e504ae7,VEH-MET350,RE Meteor 350,Cruiser 350cc motorcycle,aa23f8f2-5286-4c96-b404-0b3bfedc8be5,EA,199000.00,INR,true,2026-05-09T10:27:00Z,finance.team,2026-05-20T17:27:00Z,onboarding.team
c9230c2e-9c75-4cbc-897f-47cae21c6f1f,VEH-HIM450,RE Himalayan 450,Adventure touring 450cc motorcycle,c1637d45-622a-494e-ac9b-52efb1a4e9ae,EA,289000.00,INR,true,2025-11-30T17:41:00Z,system,2025-12-09T01:41:00Z,system
68fab7d2-63cb-4bed-9669-86a79995f31a,VEH-HUN350,RE Hunter 350,Roadster 350cc motorcycle,60abea92-4905-48c3-82cf-9d451649f15c,EA,149000.00,INR,true,2026-04-12T18:17:00Z,sales.ops,2026-04-22T21:17:00Z,purchasing.mgr
feccc697-a0b3-4d0f-a703-9e7bd7464c67,VEH-CGT650,RE Continental GT 650,Cafe racer 650cc twin motorcycle,6a14dde8-dd13-4ea5-902d-8df39a323471,EA,320000.00,INR,true,2026-04-19T12:48:00Z,fulfillment.ops,2026-05-03T18:48:00Z,dealer360.admin
0ae20383-60cf-42df-8a2f-1315aecb4254,VEH-INT650,RE Interceptor 650,Roadster 650cc twin motorcycle,60abea92-4905-48c3-82cf-9d451649f15c,EA,310000.00,INR,true,2026-05-12T14:11:00Z,fulfillment.ops,2026-05-27T17:11:00Z,purchasing.mgr
a6d03314-5d3d-4b7b-a5c5-db2fd1e0769f,VEH-SM650,RE Super Meteor 650,Cruiser 650cc twin motorcycle,aa23f8f2-5286-4c96-b404-0b3bfedc8be5,EA,349000.00,INR,true,2026-02-22T13:56:00Z,dealer360.admin,2026-03-13T17:56:00Z,credit.controller
133e2718-5f1f-498a-97cc-f41f28e3b343,VEH-SCR411,RE Scram 411,Scrambler 411cc motorcycle,ab517e60-f2bf-4e9e-8674-6e35beb0de95,EA,203000.00,INR,true,2025-10-14T12:46:00Z,credit.controller,2025-10-27T19:46:00Z,system
eee37578-05a4-4797-850f-5b364e75c4e5,VEH-BUL350,RE Bullet 350,Classic 350cc motorcycle,ed4ff988-c57e-4687-95ca-60224e607eeb,EA,173000.00,INR,true,2026-07-28T16:28:00Z,purchasing.mgr,2026-07-28T17:28:00Z,credit.controller
3f7b7500-3aa3-436c-8627-ff7d5512f37c,VEH-SG650,RE Shotgun 650,Cruiser roadster 650cc motorcycle,aa23f8f2-5286-4c96-b404-0b3bfedc8be5,EA,359000.00,INR,true,2026-03-27T12:19:00Z,system,2026-04-14T17:19:00Z,fulfillment.ops
cea33d2c-6617-4b1e-a8b2-f84a007f5ff0,SP-OILFLT01,Engine Oil Filter Kit,Genuine engine oil filter kit,2fe5579c-4e5d-4f7d-bc64-bb6fbc2b07a8,EA,450.00,INR,true,2026-04-06T17:21:00Z,purchasing.mgr,2026-04-18T00:21:00Z,purchasing.mgr
3096e696-591e-40f5-8f14-f5e30e846cc8,SP-CLTPLT01,Clutch Plate Assembly,Genuine clutch plate assembly,2fe5579c-4e5d-4f7d-bc64-bb6fbc2b07a8,SET,3200.00,INR,true,2026-01-07T12:07:00Z,sales.ops,2026-01-13T17:07:00Z,finance.team
cb8ce79a-e2eb-4704-8c78-82f6461c6e89,SP-BRKDISC01,Front Brake Disc Rotor,Genuine front brake disc rotor,c7b2f26c-f1ee-42d2-acac-7544e6b03830,EA,4500.00,INR,true,2025-12-08T12:47:00Z,purchasing.mgr,2025-12-23T16:47:00Z,sales.ops
5970ffd3-ece6-4ad6-814b-3fd7e9a74148,SP-HDLAMP01,LED Headlamp Assembly,Genuine LED headlamp assembly,f4989dc2-f31b-4cee-afb1-7a89c98a7926,EA,6800.00,INR,true,2025-12-09T13:14:00Z,purchasing.mgr,2025-12-20T15:14:00Z,dealer360.admin
b69b640e-ea44-4644-9480-a3d37d48979f,SP-TANKSET01,Fuel Tank Panel Set,Genuine fuel tank panel set,65a5f5aa-e728-41a3-ab2e-a4092d92c1c8,SET,15000.00,INR,true,2026-08-29T17:08:00Z,dealer360.admin,2026-09-06T17:08:00Z,purchasing.mgr
074e74a0-a08b-4552-8934-c785894750b4,ACC-PNLRAIL01,Saddle Stay Pannier Rails,Touring pannier mounting rails,81d0541c-6aec-4f5f-bbcc-3ab0b0d4bbbe,SET,5200.00,INR,true,2026-08-24T11:40:00Z,dealer360.admin,2026-09-08T12:40:00Z,purchasing.mgr
9a88bb0b-43b8-4147-b027-0ca1cdced307,ACC-WNDSCRN01,Touring Windscreen Kit,Touring windscreen protection kit,5372445d-b575-4a36-88e9-4f342711ba0e,EA,4200.00,INR,true,2026-04-29T16:28:00Z,dealer360.admin,2026-05-09T18:28:00Z,purchasing.mgr
995fe1f7-b283-4f81-b53a-359d3862b739,ACC-USBCON01,USB Charging Console,Handlebar USB charging console,de33b341-bf33-42d7-8e99-c6ebf5322141,EA,1800.00,INR,true,2026-05-03T10:52:00Z,system,2026-05-05T16:52:00Z,sales.ops
f02c1f93-f492-4208-a51e-bb6831cd79bd,APP-JCKT01,Riding Jacket All-Weather,All-weather riding jacket,6564aa4b-23af-41a7-a6d7-89365f95844e,EA,8500.00,INR,true,2026-06-23T09:09:00Z,sales.ops,2026-06-27T13:09:00Z,credit.controller
18a98bf6-7b8f-4aed-841e-f3eccab1f856,APP-HLMT01,Full Face Helmet DOT Certified,DOT certified full face helmet,e32a4f7a-d77c-4586-b56f-7bb74293056d,EA,6500.00,INR,true,2025-10-31T17:48:00Z,onboarding.team,2025-11-13T20:48:00Z,system