ID,dealer_ID,product_ID,price,currency,discountPercentage,validFrom,validTo,status,remarks,createdAt,createdBy,modifiedAt,modifiedBy
15855360-e14a-4b43-a964-c7bb30a70ccc,37b4babf-6f65-47f0-a0fe-3a4b971961b5,fdfd8e93-cf32-40bf-9a6a-a9a591a0f9b8,187210.00,INR,3.00,2025-10-05,,ACTIVE,Negotiated dealer-specific pricing for volume commitment,2025-10-05T01:28:00Z,sales.ops,2025-10-10T08:28:00Z,fulfillment.ops
7dfbd42c-2fc7-4eea-8edc-732a5ec3351f,c9fd56df-9bb4-4a42-a284-c2a13e850116,ac05facd-af60-4de8-b34d-fe589e504ae7,191040.00,INR,4.00,2025-11-28,,ACTIVE,Negotiated dealer-specific pricing for volume commitment,2025-11-28T01:35:00Z,purchasing.mgr,2025-12-15T05:35:00Z,finance.team
cbda8e38-05ae-4dbb-bc33-69e13132a0f1,91367b89-8aa1-4862-ba50-5c96ec23d516,c9230c2e-9c75-4cbc-897f-47cae21c6f1f,274550.00,INR,5.00,2025-10-15,,ACTIVE,Negotiated dealer-specific pricing for volume commitment,2025-10-15T05:32:00Z,credit.controller,2025-10-22T06:32:00Z,finance.team
9b7a6505-d33f-437f-9b00-bf919ed51f0e,f2baf2d8-62fe-4c3a-a886-6259edc1e303,68fab7d2-63cb-4bed-9669-86a79995f31a,140060.00,INR,6.00,2025-10-31,,ACTIVE,Negotiated dealer-specific pricing for volume commitment,2025-10-31T07:01:00Z,fulfillment.ops,2025-11-11T15:01:00Z,system
8c8c8114-bb1f-4f06-8f7d-4cf6fedd73ad,17acb60a-8bea-4d3e-87a2-b09cea5883ce,feccc697-a0b3-4d0f-a703-9e7bd7464c67,297600.00,INR,7.00,2026-01-20,,ACTIVE,Negotiated dealer-specific pricing for volume commitment,2026-01-20T02:39:00Z,purchasing.mgr,2026-01-22T03:39:00Z,onboarding.team
1e8c352e-a290-4614-b5a1-90b5921fde36,e35e0199-55da-4807-827c-fa327aa19fbf,0ae20383-60cf-42df-8a2f-1315aecb4254,285200.00,INR,8.00,2026-01-01,,ACTIVE,Negotiated dealer-specific pricing for volume commitment,2026-01-01T08:26:00Z,finance.team,2026-01-14T09:26:00Z,fulfillment.ops
fc125704-d0fc-4be9-8838-077488b68381,8cdbae52-de09-4510-aec5-04400cc5b0c9,a6d03314-5d3d-4b7b-a5c5-db2fd1e0769f,338530.00,INR,3.00,2025-09-19,,ACTIVE,Negotiated dealer-specific pricing for volume commitment,2025-09-19T07:29:00Z,finance.team,2025-10-05T12:29:00Z,finance.team
9fa01028-0271-40a5-9f4f-5816183d853e,7f7722ee-524f-452b-bcd7-984263a1479f,133e2718-5f1f-498a-97cc-f41f28e3b343,194880.00,INR,4.00,2025-10-04,,ACTIVE,Negotiated dealer-specific pricing for volume commitment,2025-10-04T06:32:00Z,finance.team,2025-10-05T07:32:00Z,purchasing.mgr
f0bf0f7a-baa2-428b-8993-b7aa89343ac8,f07a0c9a-cec2-4461-87e0-df0b06326677,eee37578-05a4-4797-850f-5b364e75c4e5,164350.00,INR,5.00,2025-10-13,,ACTIVE,Negotiated dealer-specific pricing for volume commitment,2025-10-13T02:20:00Z,purchasing.mgr,2025-10-20T07:20:00Z,sales.ops
0eb4b133-8a53-448d-b9cd-afeaf84e15d6,99617baf-da8f-403a-b67b-1a8adc416b6d,3f7b7500-3aa3-436c-8627-ff7d5512f37c,337460.00,INR,6.00,2025-11-04,,ACTIVE,Negotiated dealer-specific pricing for volume commitment,2025-11-04T03:40:00Z,finance.team,2025-11-21T07:40:00Z,purchasing.mgr
8c77497f-be17-4ada-bdf2-7fee3c339b5f,fd680e8f-2f6e-4d65-9547-65d27cc337a5,cea33d2c-6617-4b1e-a8b2-f84a007f5ff0,418.50,INR,7.00,2026-01-15,,ACTIVE,Negotiated dealer-specific pricing for volume commitment,2026-01-15T01:32:00Z,finance.team,2026-02-04T03:32:00Z,finance.team
e4c29fa7-f3dc-4953-8d65-b66e9f9cbf29,6304588e-d795-48da-870b-744ab77d757d,3096e696-591e-40f5-8f14-f5e30e846cc8,2944.00,INR,8.00,2025-11-26,,ACTIVE,Negotiated dealer-specific pricing for volume commitment,2025-11-26T09:02:00Z,dealer360.admin,2025-11-26T10:02:00Z,purchasing.mgr
cb8d423b-eb24-4972-8b08-b7e8e6d476e9,3aba12b5-0499-48cb-88c1-a61a7274ae6b,cb8ce79a-e2eb-4704-8c78-82f6461c6e89,4365.00,INR,3.00,2025-10-24,,ACTIVE,Negotiated dealer-specific pricing for volume commitment,2025-10-24T09:26:00Z,system,2025-11-12T09:26:00Z,purchasing.mgr
fc8dd072-174b-4fa2-92a4-d6feb5496b54,4be48349-2ff6-48c0-9868-d88df4b72287,5970ffd3-ece6-4ad6-814b-3fd7e9a74148,6528.00,INR,4.00,2025-11-17,,ACTIVE,Negotiated dealer-specific pricing for volume commitment,2025-11-17T07:15:00Z,system,2025-11-29T11:15:00Z,sales.ops
00da648d-4a75-46df-b764-779669c5be0a,058d0f40-912c-44c5-9c8d-875f37aa4044,b69b640e-ea44-4644-9480-a3d37d48979f,14250.00,INR,5.00,2025-09-16,,ACTIVE,Negotiated dealer-specific pricing for volume commitment,2025-09-16T02:28:00Z,system,2025-09-29T09:28:00Z,credit.controller
71591744-2e83-4cf9-9092-fb70e13ae76d,8cc0b7e7-5fbd-4dbf-86e5-00e4ce326c91,074e74a0-a08b-4552-8934-c785894750b4,4888.00,INR,6.00,2025-11-27,,ACTIVE,Negotiated dealer-specific pricing for volume commitment,2025-11-27T09:09:00Z,fulfillment.ops,2025-12-07T14:09:00Z,onboarding.team
a3d206b1-ee53-4b32-bdcd-f99cd4c5cc34,1184c8e2-8bef-4a13-b226-ff62975c6526,9a88bb0b-43b8-4147-b027-0ca1cdced307,3906.00,INR,7.00,2025-10-04,,ACTIVE,Negotiated dealer-specific pricing for volume commitment,2025-10-04T05:32:00Z,fulfillment.ops,2025-10-21T06:32:00Z,credit.controller
4c533feb-af77-4d02-a8a6-e2448eedb300,85401952-78eb-4009-b96c-15d594f8fb85,995fe1f7-b283-4f81-b53a-359d3862b739,1656.00,INR,8.00,2025-12-29,,ACTIVE,Negotiated dealer-specific pricing for volume commitment,2025-12-29T01:17:00Z,finance.team,2026-01-12T04:17:00Z,sales.ops
d8bffdf2-7bbc-40d7-bc1d-6730727701b0,df5ad3b6-c5e1-4f9a-a6bd-42968dfc5c50,f02c1f93-f492-4208-a51e-bb6831cd79bd,8245.00,INR,3.00,2025-09-13,,ACTIVE,Negotiated dealer-specific pricing for volume commitment,2025-09-13T04:24:00Z,credit.controller,2025-10-02T10:24:00Z,finance.team
3ccfd3f9-4a14-4cb1-9251-5fdcfbb4076c,578c032f-84d7-4ac8-b93d-23555f25aa08,18a98bf6-7b8f-4aed-841e-f3eccab1f856,6240.00,INR,4.00,2025-11-23,,ACTIVE,Negotiated dealer-specific pricing for volume commitment,2025-11-23T09:46:00Z,finance.team,2025-12-03T12:46:00Z,system