ID,purchaseRequisition_ID,previousStatus,newStatus,changedAt,changedBy,changedByName,reason,createdAt,createdBy,modifiedAt,modifiedBy
7e0c80ac-e7ab-472f-94b9-e832870e35cb,2dd083ff-ac8e-4026-8b43-355ce60922b2,APPROVED,CONVERTED,2026-02-28T14:05:00Z,credit.controller,Vikram Nair,Requisition moved to CONVERTED after review,2026-02-22T06:05:00Z,credit.controller,2026-02-28T14:05:00Z,system
6ce85871-63ee-4ac1-9ab3-343d0b072675,cfb47fbc-0dd4-4bb3-85fa-11469bc79a4b,APPROVED,CONVERTED,2026-03-29T06:31:00Z,credit.controller,Sneha Iyer,Requisition moved to CONVERTED after review,2026-03-19T02:31:00Z,dealer360.admin,2026-03-29T06:31:00Z,credit.controller
917b4c0e-47af-449a-b543-dcb75ff0b6c6,f5451038-871f-49ca-8521-bd7bca58cb8a,APPROVED,CONVERTED,2026-02-09T14:15:00Z,onboarding.team,Rahul Patel,Requisition moved to CONVERTED after review,2026-02-06T07:15:00Z,credit.controller,2026-02-09T14:15:00Z,credit.controller
eb6952e5-b36d-4236-9795-bbc794169b67,c1c6f0ba-c0b5-42cb-9b54-5e3a97ec4c22,APPROVED,CONVERTED,2025-12-01T17:32:00Z,onboarding.team,Divya Singh,Requisition moved to CONVERTED after review,2025-11-24T09:32:00Z,fulfillment.ops,2025-12-01T17:32:00Z,purchasing.mgr
69dff276-182e-4e6b-8d24-ec779534eedc,6da4ab79-479f-420a-8bde-21ae8b97d3d9,APPROVED,CONVERTED,2026-01-17T16:17:00Z,purchasing.mgr,Karthik Rao,Requisition moved to CONVERTED after review,2026-01-03T08:17:00Z,fulfillment.ops,2026-01-17T16:17:00Z,purchasing.mgr
231a4878-a549-428e-91de-98b23be23e27,2f5e6af3-3712-4df5-ae51-056701a44370,APPROVED,CONVERTED,2025-11-27T15:34:00Z,sales.ops,Anjali Kumar,Requisition moved to CONVERTED after review,2025-11-16T07:34:00Z,system,2025-11-27T15:34:00Z,system
e7051aa8-98a7-4f22-ba2e-7c0769cbf7a4,faff0e9f-856a-4167-9312-888b63738096,APPROVED,CONVERTED,2026-02-18T10:55:00Z,fulfillment.ops,Suresh Menon,Requisition moved to CONVERTED after review,2026-02-03T05:55:00Z,credit.controller,2026-02-18T10:55:00Z,fulfillment.ops
7447ff0a-8a86-48eb-a48e-989333d02a4e,22a456e5-a7a6-4d17-b7d4-c75bde983791,APPROVED,CONVERTED,2026-05-10T06:02:00Z,dealer360.admin,Meera Gupta,Requisition moved to CONVERTED after review,2026-04-27T06:02:00Z,credit.controller,2026-05-10T06:02:00Z,finance.team
83e8bb99-3c41-47e6-a009-2efeadc690ff,856891dc-11e4-4714-a47d-913756fd2f3b,APPROVED,CONVERTED,2026-04-07T10:31:00Z,finance.team,Aditya Verma,Requisition moved to CONVERTED after review,2026-03-30T02:31:00Z,onboarding.team,2026-04-07T10:31:00Z,purchasing.mgr
cca20d5e-d719-4cde-8180-3d59cc15350f,735cd422-7905-4a8d-a8aa-b20b1df9b181,APPROVED,CONVERTED,2026-02-08T06:33:00Z,credit.controller,Kavya Pillai,Requisition moved to CONVERTED after review,2026-02-02T01:33:00Z,credit.controller,2026-02-08T06:33:00Z,onboarding.team
82f886af-cb4c-49f8-ad0e-8dc3c046665d,6faf8940-cb48-4b32-8cb4-0424a6e1c058,DRAFT,SUBMITTED,2026-04-14T10:04:00Z,system,Rohit Joshi,Requisition moved to SUBMITTED after review,2026-03-30T02:04:00Z,fulfillment.ops,2026-04-14T10:04:00Z,purchasing.mgr
20b2b9da-b39c-4bad-85d8-4fb284f8423d,d3bf1ef6-a052-4783-b63f-50b0a140b13f,DRAFT,SUBMITTED,2026-04-19T08:54:00Z,fulfillment.ops,Pooja Chatterjee,Requisition moved to SUBMITTED after review,2026-03-30T01:54:00Z,system,2026-04-19T08:54:00Z,finance.team
26066d3d-c403-405b-a408-3c857049c599,e33b70d4-eeff-4002-b92d-a76987ab44e1,SUBMITTED,PENDING_APPROVAL,2026-03-30T09:55:00Z,dealer360.admin,Manoj Das,Requisition moved to PENDING_APPROVAL after review,2026-03-25T07:55:00Z,system,2026-03-30T09:55:00Z,finance.team
13057b01-462a-4a9d-be55-6a74e5bc7404,a18c2371-d20c-4b8d-b6e7-690b80a2cb87,DRAFT,SUBMITTED,2026-04-12T04:14:00Z,dealer360.admin,Deepa Mishra,Requisition moved to SUBMITTED after review,2026-03-27T04:14:00Z,sales.ops,2026-04-12T04:14:00Z,dealer360.admin
70d20c7c-ecdd-47bd-bc4d-9d58f6f50c01,137a381a-26c5-42cf-819d-90ac2a2bad38,DRAFT,DRAFT,2026-02-21T04:44:00Z,finance.team,Sanjay Agarwal,Requisition moved to DRAFT after review,2026-02-08T02:44:00Z,credit.controller,2026-02-21T04:44:00Z,sales.ops
24804a14-0f24-45db-9c84-339db5d1d891,3591f730-6d9d-4b5b-9ceb-e2b52265a3a0,PENDING_APPROVAL,APPROVED,2025-11-02T07:22:00Z,dealer360.admin,Nisha Bose,Requisition moved to APPROVED after review,2025-11-02T04:22:00Z,system,2025-11-02T07:22:00Z,fulfillment.ops
4a2574b1-0634-4c78-9eca-df59ef33244e,e3805457-267a-4fb6-b049-7c6c239e8a5c,SUBMITTED,CANCELLED,2026-03-23T13:36:00Z,dealer360.admin,Ravi Naidu,Requisition moved to CANCELLED after review,2026-03-04T06:36:00Z,system,2026-03-23T13:36:00Z,dealer360.admin
2d38d3e7-18c8-40b5-95d2-f64024109d65,24e71acf-e255-406a-b9b0-e40211adf507,PENDING_APPROVAL,REJECTED,2026-04-12T14:39:00Z,dealer360.admin,Shalini Bhat,Requisition moved to REJECTED after review,2026-03-26T06:39:00Z,onboarding.team,2026-04-12T14:39:00Z,dealer360.admin
c2cad613-1740-4737-9276-9e84b7bb2279,5b03a9e1-f899-492b-a8a5-fdc981f89a33,APPROVED,CONVERTED,2026-03-05T08:29:00Z,onboarding.team,Arjun Sharma,Requisition moved to CONVERTED after review,2026-02-17T04:29:00Z,purchasing.mgr,2026-03-05T08:29:00Z,dealer360.admin
47a22ab7-03f5-4a1d-87c7-8952d03bf9a2,0ecab744-122d-4c5a-9ffc-27f1eb08317c,APPROVED,CONVERTED,2026-04-19T09:10:00Z,credit.controller,Priya Reddy,Requisition moved to CONVERTED after review,2026-04-14T08:10:00Z,sales.ops,2026-04-19T09:10:00Z,finance.team