ID,dealer_ID,addressType,addressLine1,addressLine2,addressLine3,city,district,state_ID,postalCode,countryCode,latitude,longitude,isPrimary,isActive,createdAt,createdBy,modifiedAt,modifiedBy
1bf3d1ba-8e75-453a-88bb-f22048e0b5b3,37b4babf-6f65-47f0-a0fe-3a4b971961b5,REGISTERED,"Plot No. 14, MG Road",Bengaluru Industrial Estate,,Bengaluru,Bengaluru District,41b6ea28-29f1-4300-b3e2-49df8a664715,560000,IN,12.9000000,77.5000000,true,true,2026-01-21T06:05:00Z,purchasing.mgr,2026-02-10T12:05:00Z,system
04dc32fc-9f9d-4504-8860-b68c0f6c644b,c9fd56df-9bb4-4a42-a284-c2a13e850116,REGISTERED,"Plot No. 15, Ring Road",Chennai Industrial Estate,,Chennai,Chennai District,47020801-df24-47a6-8328-9946d3d853b3,561111,IN,13.6000000,77.9000000,true,true,2026-02-14T02:31:00Z,onboarding.team,2026-02-23T05:31:00Z,system
0b2cfd58-e5ed-4e1f-8d33-3ba4606b87ec,91367b89-8aa1-4862-ba50-5c96ec23d516,REGISTERED,"Plot No. 16, Industrial Area Phase 2",Pune Industrial Estate,,Pune,Pune District,2e443597-930e-4340-9d1a-17b4f0f1196a,562222,IN,14.3000000,78.3000000,true,true,2026-01-03T07:15:00Z,onboarding.team,2026-01-06T10:15:00Z,fulfillment.ops
261756a7-eed9-4635-a4cd-d93a1ecc49f8,f2baf2d8-62fe-4c3a-a886-6259edc1e303,REGISTERED,"Plot No. 17, NH-48 Service Road",New Delhi Industrial Estate,,New Delhi,New Delhi District,bb7fd5df-f13b-4b24-b518-ea98b9963088,563333,IN,15.0000000,78.7000000,true,true,2025-10-20T09:32:00Z,purchasing.mgr,2025-11-07T13:32:00Z,dealer360.admin
2a78c1a6-feff-450c-bc74-b73f14c4db4c,17acb60a-8bea-4d3e-87a2-b09cea5883ce,REGISTERED,"Plot No. 18, Station Road",Ahmedabad Industrial Estate,,Ahmedabad,Ahmedabad District,607473cd-03db-444a-9204-4c7dfcffe43f,564444,IN,15.7000000,79.1000000,true,true,2025-11-28T08:17:00Z,dealer360.admin,2025-12-10T12:17:00Z,dealer360.admin
9cd78e54-8d23-4728-9861-d8e4f7243e0b,e35e0199-55da-4807-827c-fa327aa19fbf,REGISTERED,"Plot No. 19, Old Airport Road",Ludhiana Industrial Estate,,Ludhiana,Ludhiana District,c0336a81-0969-49c4-929d-c372eba3d22d,565555,IN,16.4000000,79.5000000,true,true,2025-10-10T07:34:00Z,purchasing.mgr,2025-10-29T14:34:00Z,credit.controller
95a1fc3b-faaa-461c-bf17-e15179fbd238,8cdbae52-de09-4510-aec5-04400cc5b0c9,REGISTERED,"Plot No. 20, Sector 18 Market",Kochi Industrial Estate,,Kochi,Kochi District,a5d152c9-7dd5-4bbc-a1b9-2aaa64840f69,566666,IN,17.1000000,79.9000000,true,true,2025-12-27T05:55:00Z,credit.controller,2026-01-15T10:55:00Z,credit.controller
ecc479be-ae06-420c-9fcb-2794a59ed78f,7f7722ee-524f-452b-bcd7-984263a1479f,REGISTERED,"Plot No. 21, GST Road",Kolkata Industrial Estate,,Kolkata,Kolkata District,2f6f3b22-5662-4c5b-8323-782ecec591ec,567777,IN,17.8000000,80.3000000,true,true,2026-03-19T06:02:00Z,finance.team,2026-04-07T10:02:00Z,sales.ops
7c6e078a-050d-42d2-85f1-f234c2eda87d,f07a0c9a-cec2-4461-87e0-df0b06326677,REGISTERED,"Plot No. 22, Civil Lines",Jaipur Industrial Estate,,Jaipur,Jaipur District,dbd73560-945a-4ba4-8315-5a79020ae522,568888,IN,18.5000000,80.7000000,true,true,2026-02-18T02:31:00Z,purchasing.mgr,2026-03-10T02:31:00Z,system
210a2092-c1a9-455e-9fba-a5feb09244c5,99617baf-da8f-403a-b67b-1a8adc416b6d,REGISTERED,"Plot No. 23, Race Course Road",Hyderabad Industrial Estate,,Hyderabad,Hyderabad District,85fd6c79-84fa-46b3-a4d4-85850486b2fb,569999,IN,19.2000000,81.1000000,true,true,2025-12-23T01:33:00Z,finance.team,2025-12-24T06:33:00Z,sales.ops
12a6b78e-b8f1-4d1f-89ee-92f59f5e998c,fd680e8f-2f6e-4d65-9547-65d27cc337a5,REGISTERED,"Plot No. 24, Cantonment Area",Vijayawada Industrial Estate,,Vijayawada,Vijayawada District,68ecc39c-a4e2-483d-81e3-ed67007d6a04,571110,IN,19.9000000,81.5000000,true,true,2026-02-16T02:04:00Z,onboarding.team,2026-02-25T07:04:00Z,finance.team
2155d902-97fc-4370-b0de-1ae4970fd7cb,6304588e-d795-48da-870b-744ab77d757d,REGISTERED,"Plot No. 25, Model Town",Indore Industrial Estate,,Indore,Indore District,4a700a04-d437-40db-b6cb-ebff86523096,572221,IN,20.6000000,81.9000000,true,true,2026-02-15T01:54:00Z,fulfillment.ops,2026-02-21T03:54:00Z,purchasing.mgr
73c82140-dd72-495a-9e8a-4e368a57469c,3aba12b5-0499-48cb-88c1-a61a7274ae6b,REGISTERED,"Plot No. 26, Kankariya Road",Lucknow Industrial Estate,,Lucknow,Lucknow District,4ce0a269-fa5b-47f2-94eb-cd4f67762676,573332,IN,21.3000000,82.3000000,true,true,2026-02-09T07:55:00Z,system,2026-02-14T11:55:00Z,purchasing.mgr
7cd4f6dd-137f-4821-873a-aecc8d51683b,4be48349-2ff6-48c0-9868-d88df4b72287,REGISTERED,"Plot No. 27, Beltola Road",Patna Industrial Estate,,Patna,Patna District,b315d727-16b8-4574-ae68-c3a9198f7de9,574443,IN,22.0000000,82.7000000,true,true,2026-02-10T04:14:00Z,system,2026-02-20T05:14:00Z,sales.ops
dc056e7a-a720-4d6c-86b0-9ed997a4d5dc,058d0f40-912c-44c5-9c8d-875f37aa4044,REGISTERED,"Plot No. 28, Gomti Nagar Extension",Bhubaneswar Industrial Estate,,Bhubaneswar,Bhubaneswar District,b4366b61-9ebb-4a5b-bc43-27e65a469b0a,575554,IN,22.7000000,83.1000000,true,true,2025-12-24T02:44:00Z,onboarding.team,2025-12-28T05:44:00Z,fulfillment.ops
05403e9f-7600-495c-a99b-13e75dab12e8,8cc0b7e7-5fbd-4dbf-86e5-00e4ce326c91,REGISTERED,"Plot No. 29, Boring Road",Guwahati Industrial Estate,,Guwahati,Guwahati District,96fe6444-ba84-4dc6-a935-009f2c47ca6a,576665,IN,23.4000000,83.5000000,true,true,2025-09-16T04:22:00Z,dealer360.admin,2025-09-18T10:22:00Z,purchasing.mgr
761d8cb1-7e4d-408b-8f24-b1ba8f271e00,1184c8e2-8bef-4a13-b226-ff62975c6526,REGISTERED,"Plot No. 30, Saheed Nagar",Raipur Industrial Estate,,Raipur,Raipur District,16f4d79f-6786-4098-bcc6-4a0e6e0cf360,577776,IN,24.1000000,83.9000000,true,true,2026-01-15T06:36:00Z,system,2026-02-01T07:36:00Z,fulfillment.ops
52b795e3-6573-4b1f-bbd3-2093aa466378,85401952-78eb-4009-b96c-15d594f8fb85,REGISTERED,"Plot No. 31, Doranda",Ranchi Industrial Estate,,Ranchi,Ranchi District,bb530c4b-7126-452b-9e90-16cce82fcaab,578887,IN,24.8000000,84.3000000,true,true,2026-02-05T06:39:00Z,fulfillment.ops,2026-02-13T12:39:00Z,sales.ops
33142087-58d8-4148-b03a-9b9bf915c3d2,df5ad3b6-c5e1-4f9a-a6bd-42968dfc5c50,REGISTERED,"Plot No. 32, Bejai Industrial Area",Gurugram Industrial Estate,,Gurugram,Gurugram District,5f407a85-6838-439f-ab9e-6623cafa77da,579998,IN,25.5000000,84.7000000,true,true,2025-12-29T04:29:00Z,dealer360.admin,2026-01-05T11:29:00Z,fulfillment.ops
a94e6f53-7963-4506-a32c-2b1e77bf6d5e,578c032f-84d7-4ac8-b93d-23555f25aa08,REGISTERED,"Plot No. 33, Rajpur Road",Dehradun Industrial Estate,,Dehradun,Dehradun District,b64d1c6e-9104-4f0b-a423-0415fe218704,581109,IN,26.2000000,85.1000000,true,true,2026-02-22T08:10:00Z,sales.ops,2026-03-13T11:10:00Z,system