ID,dealer_ID,documentType,documentNumber,fileName,mimeType,fileSize,storageUrl,documentStatus,uploadedAt,verifiedAt,expiryDate,verificationRemarks,isMandatory,createdAt,createdBy,modifiedAt,modifiedBy
0763d748-5ee5-494e-8b8f-897804d1d973,37b4babf-6f65-47f0-a0fe-3a4b971961b5,GST_CERTIFICATE,DOC-GST-2000,gst_certificate_37b4babf.pdf,application/pdf,245000,https://storage.dealer360.example.com/docs/0763d748-5ee5-494e-8b8f-897804d1d973.pdf,VERIFIED,2026-01-22T06:05:00Z,2026-02-05T14:05:00Z,2028-01-01,Document verified against GSTN portal,true,2026-01-22T06:05:00Z,credit.controller,2026-02-05T14:05:00Z,dealer360.admin
572adc0e-dd53-48b8-928e-4ccfaee2fab7,c9fd56df-9bb4-4a42-a284-c2a13e850116,PAN_CARD,DOC-PAN-2001,pan_card_c9fd56df.pdf,application/pdf,255240,https://storage.dealer360.example.com/docs/572adc0e-dd53-48b8-928e-4ccfaee2fab7.pdf,VERIFIED,2026-02-15T02:31:00Z,2026-03-03T06:31:00Z,2028-02-02,Document verified against GSTN portal,true,2026-02-15T02:31:00Z,system,2026-03-03T06:31:00Z,dealer360.admin
fa0c01b3-718b-4020-b0ac-06024d2de24c,91367b89-8aa1-4862-ba50-5c96ec23d516,BANK_PROOF,DOC-BAN-2002,bank_proof_91367b89.pdf,application/pdf,265480,https://storage.dealer360.example.com/docs/fa0c01b3-718b-4020-b0ac-06024d2de24c.pdf,VERIFIED,2026-01-04T07:15:00Z,2026-01-05T14:15:00Z,2028-03-03,Document verified against GSTN portal,true,2026-01-04T07:15:00Z,onboarding.team,2026-01-05T14:15:00Z,onboarding.team
b72f89c2-c2b9-44a4-bcd1-7b6d20ad5c5d,f2baf2d8-62fe-4c3a-a886-6259edc1e303,ADDRESS_PROOF,DOC-ADD-2003,address_proof_f2baf2d8.pdf,application/pdf,275720,https://storage.dealer360.example.com/docs/b72f89c2-c2b9-44a4-bcd1-7b6d20ad5c5d.pdf,VERIFIED,2025-10-21T09:32:00Z,2025-10-24T16:32:00Z,2028-04-04,Document verified against GSTN portal,true,2025-10-21T09:32:00Z,system,2025-10-24T16:32:00Z,sales.ops
2f157e5a-b1d5-4b48-bd35-970e70d7afa7,17acb60a-8bea-4d3e-87a2-b09cea5883ce,INCORPORATION_CERTIFICATE,DOC-INC-2004,incorporation_certificate_17acb60a.pdf,application/pdf,285960,https://storage.dealer360.example.com/docs/2f157e5a-b1d5-4b48-bd35-970e70d7afa7.pdf,VERIFIED,2025-11-29T08:17:00Z,2025-12-01T13:17:00Z,2028-05-05,Document verified against GSTN portal,true,2025-11-29T08:17:00Z,finance.team,2025-12-01T13:17:00Z,sales.ops
9445e12e-5a31-42c3-ba35-4bcd5297fb28,e35e0199-55da-4807-827c-fa327aa19fbf,GST_CERTIFICATE,DOC-GST-2005,gst_certificate_e35e0199.pdf,application/pdf,296200,https://storage.dealer360.example.com/docs/9445e12e-5a31-42c3-ba35-4bcd5297fb28.pdf,VERIFIED,2025-10-11T07:34:00Z,2025-10-15T11:34:00Z,2028-06-06,Document verified against GSTN portal,true,2025-10-11T07:34:00Z,fulfillment.ops,2025-10-15T11:34:00Z,onboarding.team
1791748c-3725-4fa1-86e1-fb5e255351f7,8cdbae52-de09-4510-aec5-04400cc5b0c9,PAN_CARD,DOC-PAN-2006,pan_card_8cdbae52.pdf,application/pdf,306440,https://storage.dealer360.example.com/docs/1791748c-3725-4fa1-86e1-fb5e255351f7.pdf,VERIFIED,2025-12-28T05:55:00Z,2026-01-16T13:55:00Z,2028-07-07,Document verified against GSTN portal,true,2025-12-28T05:55:00Z,purchasing.mgr,2026-01-16T13:55:00Z,system
a51ad4d3-19e8-4628-8a6a-1e5ac1f2c89d,7f7722ee-524f-452b-bcd7-984263a1479f,BANK_PROOF,DOC-BAN-2007,bank_proof_7f7722ee.pdf,application/pdf,316680,https://storage.dealer360.example.com/docs/a51ad4d3-19e8-4628-8a6a-1e5ac1f2c89d.pdf,VERIFIED,2026-03-20T06:02:00Z,2026-04-05T12:02:00Z,2028-08-08,Document verified against GSTN portal,true,2026-03-20T06:02:00Z,sales.ops,2026-04-05T12:02:00Z,sales.ops
ec996c40-9b68-4915-b0d9-2d5408d819d4,f07a0c9a-cec2-4461-87e0-df0b06326677,ADDRESS_PROOF,DOC-ADD-2008,address_proof_f07a0c9a.pdf,application/pdf,326920,https://storage.dealer360.example.com/docs/ec996c40-9b68-4915-b0d9-2d5408d819d4.pdf,VERIFIED,2026-02-19T02:31:00Z,2026-03-11T10:31:00Z,2028-09-09,Document verified against GSTN portal,true,2026-02-19T02:31:00Z,credit.controller,2026-03-11T10:31:00Z,onboarding.team
9067485c-b3bd-4749-aa69-9fd94be6828c,99617baf-da8f-403a-b67b-1a8adc416b6d,INCORPORATION_CERTIFICATE,DOC-INC-2009,incorporation_certificate_99617baf.pdf,application/pdf,337160,https://storage.dealer360.example.com/docs/9067485c-b3bd-4749-aa69-9fd94be6828c.pdf,VERIFIED,2025-12-24T01:33:00Z,2026-01-07T04:33:00Z,2028-10-10,Document verified against GSTN portal,true,2025-12-24T01:33:00Z,onboarding.team,2026-01-07T04:33:00Z,fulfillment.ops
0c97403f-6b43-45f1-8d87-dba29a886776,fd680e8f-2f6e-4d65-9547-65d27cc337a5,GST_CERTIFICATE,DOC-GST-2010,gst_certificate_fd680e8f.pdf,application/pdf,347400,https://storage.dealer360.example.com/docs/0c97403f-6b43-45f1-8d87-dba29a886776.pdf,VERIFIED,2026-02-17T02:04:00Z,2026-03-03T08:04:00Z,2028-11-11,Document verified against GSTN portal,true,2026-02-17T02:04:00Z,onboarding.team,2026-03-03T08:04:00Z,sales.ops
69cf5cbe-61b1-4de6-8d59-8990d2d32605,6304588e-d795-48da-870b-744ab77d757d,PAN_CARD,DOC-PAN-2011,pan_card_6304588e.pdf,application/pdf,357640,https://storage.dealer360.example.com/docs/69cf5cbe-61b1-4de6-8d59-8990d2d32605.pdf,VERIFIED,2026-02-16T01:54:00Z,2026-02-26T07:54:00Z,2028-12-12,Document verified against GSTN portal,true,2026-02-16T01:54:00Z,fulfillment.ops,2026-02-26T07:54:00Z,purchasing.mgr
bbd7c259-df04-40a7-8848-be84dec4f577,3aba12b5-0499-48cb-88c1-a61a7274ae6b,BANK_PROOF,DOC-BAN-2012,bank_proof_3aba12b5.pdf,application/pdf,367880,https://storage.dealer360.example.com/docs/bbd7c259-df04-40a7-8848-be84dec4f577.pdf,PENDING,2026-02-10T07:55:00Z,,2028-01-13,,true,2026-02-10T07:55:00Z,system,2026-02-21T09:55:00Z,sales.ops
cd58a234-2d67-44db-89b5-b49ab18eaa8f,4be48349-2ff6-48c0-9868-d88df4b72287,ADDRESS_PROOF,DOC-ADD-2013,address_proof_4be48349.pdf,application/pdf,378120,https://storage.dealer360.example.com/docs/cd58a234-2d67-44db-89b5-b49ab18eaa8f.pdf,VERIFIED,2026-02-11T04:14:00Z,2026-02-13T05:14:00Z,2028-02-14,Document verified against GSTN portal,true,2026-02-11T04:14:00Z,sales.ops,2026-02-13T05:14:00Z,onboarding.team
4ce102d7-3f4d-4017-a55c-590c5d329d8f,058d0f40-912c-44c5-9c8d-875f37aa4044,INCORPORATION_CERTIFICATE,DOC-INC-2014,incorporation_certificate_058d0f40.pdf,application/pdf,388360,https://storage.dealer360.example.com/docs/4ce102d7-3f4d-4017-a55c-590c5d329d8f.pdf,PENDING,2025-12-25T02:44:00Z,,2028-03-15,,true,2025-12-25T02:44:00Z,finance.team,2025-12-28T07:44:00Z,dealer360.admin
b61b24ef-9aec-4ef2-9b9d-d67f63829bc5,8cc0b7e7-5fbd-4dbf-86e5-00e4ce326c91,GST_CERTIFICATE,DOC-GST-2015,gst_certificate_8cc0b7e7.pdf,application/pdf,398600,https://storage.dealer360.example.com/docs/b61b24ef-9aec-4ef2-9b9d-d67f63829bc5.pdf,VERIFIED,2025-09-17T04:22:00Z,2025-10-05T12:22:00Z,2028-04-16,Document verified against GSTN portal,true,2025-09-17T04:22:00Z,fulfillment.ops,2025-10-05T12:22:00Z,sales.ops
9d5ac368-6d13-41a2-ad0a-7dae03493615,1184c8e2-8bef-4a13-b226-ff62975c6526,PAN_CARD,DOC-PAN-2016,pan_card_1184c8e2.pdf,application/pdf,408840,https://storage.dealer360.example.com/docs/9d5ac368-6d13-41a2-ad0a-7dae03493615.pdf,VERIFIED,2026-01-16T06:36:00Z,2026-01-29T11:36:00Z,2028-05-17,Document verified against GSTN portal,true,2026-01-16T06:36:00Z,onboarding.team,2026-01-29T11:36:00Z,dealer360.admin
45375f55-587b-49db-88b1-7c6bad63198b,85401952-78eb-4009-b96c-15d594f8fb85,BANK_PROOF,DOC-BAN-2017,bank_proof_85401952.pdf,application/pdf,419080,https://storage.dealer360.example.com/docs/45375f55-587b-49db-88b1-7c6bad63198b.pdf,VERIFIED,2026-02-06T06:39:00Z,2026-02-15T10:39:00Z,2028-06-18,Document verified against GSTN portal,true,2026-02-06T06:39:00Z,fulfillment.ops,2026-02-15T10:39:00Z,sales.ops
7ee3d74a-4f74-40f5-8650-4918d747c172,df5ad3b6-c5e1-4f9a-a6bd-42968dfc5c50,ADDRESS_PROOF,DOC-ADD-2018,address_proof_df5ad3b6.pdf,application/pdf,429320,https://storage.dealer360.example.com/docs/7ee3d74a-4f74-40f5-8650-4918d747c172.pdf,PENDING,2025-12-30T04:29:00Z,,2028-07-19,,true,2025-12-30T04:29:00Z,credit.controller,2026-01-17T12:29:00Z,finance.team
4b28b83a-8403-452d-b0ac-ae4b5c30da61,578c032f-84d7-4ac8-b93d-23555f25aa08,INCORPORATION_CERTIFICATE,DOC-INC-2019,incorporation_certificate_578c032f.pdf,application/pdf,439560,https://storage.dealer360.example.com/docs/4b28b83a-8403-452d-b0ac-ae4b5c30da61.pdf,VERIFIED,2026-02-23T08:10:00Z,2026-03-10T11:10:00Z,2028-08-20,Document verified against GSTN portal,true,2026-02-23T08:10:00Z,sales.ops,2026-03-10T11:10:00Z,fulfillment.ops