ID,fulfillment_ID,previousStatus,newStatus,changedAt,changedBy,changedByName,reason,createdAt,createdBy,modifiedAt,modifiedBy
83351bb5-4d20-43db-8ff3-85a9db17742e,ed9d8522-6555-42a1-8c0b-6aaa57d9f5fb,DISPATCHED,DELIVERED,2026-03-02T10:05:00Z,onboarding.team,Kavya Pillai,Fulfillment status updated to DELIVERED,2026-03-02T06:05:00Z,credit.controller,2026-03-02T10:05:00Z,credit.controller
60bae60d-3fe2-4e08-9022-d124ee3270bd,b0d3cd2e-64a3-4bd7-a3d1-c6b7d44f722c,DISPATCHED,DELIVERED,2026-03-25T07:05:00Z,fulfillment.ops,Kavya Pillai,Fulfillment status updated to DELIVERED,2026-03-05T06:05:00Z,dealer360.admin,2026-03-25T07:05:00Z,fulfillment.ops
22d8b194-a40c-4fa9-bbd9-471f10091233,56a1be79-0f61-45cc-98b4-9ac6662d465d,DISPATCHED,DELIVERED,2026-03-27T03:31:00Z,credit.controller,Rohit Joshi,Fulfillment status updated to DELIVERED,2026-03-27T02:31:00Z,dealer360.admin,2026-03-27T03:31:00Z,purchasing.mgr
1627f567-4b6e-4067-b9b0-9c171bf9c656,1f40dc63-9290-4200-a9a8-bd6d1cd89056,DISPATCHED,DELIVERED,2026-04-11T03:31:00Z,sales.ops,Rohit Joshi,Fulfillment status updated to DELIVERED,2026-03-30T02:31:00Z,finance.team,2026-04-11T03:31:00Z,purchasing.mgr
31db594c-912b-444a-ac68-36132d46a251,087c532f-98f6-420f-8675-6f46892dfdd0,DISPATCHED,DELIVERED,2026-02-23T13:15:00Z,credit.controller,Pooja Chatterjee,Fulfillment status updated to DELIVERED,2026-02-14T07:15:00Z,credit.controller,2026-02-23T13:15:00Z,dealer360.admin
7db6e182-84cc-456f-95cd-d2309186c1e2,342b53ea-ea1c-40b9-8f8f-9c9e2f3d0cf5,DISPATCHED,DELIVERED,2026-02-20T07:15:00Z,finance.team,Pooja Chatterjee,Fulfillment status updated to DELIVERED,2026-02-17T07:15:00Z,finance.team,2026-02-20T07:15:00Z,dealer360.admin
49d1290c-f40a-439c-8a66-ffc346a2c3bd,5ea37e60-8174-42bf-8676-65aa416e22ed,DISPATCHED,DELIVERED,2025-12-02T14:32:00Z,sales.ops,Manoj Das,Fulfillment status updated to DELIVERED,2025-12-02T09:32:00Z,onboarding.team,2025-12-02T14:32:00Z,purchasing.mgr
54926d6f-a8cc-427f-a248-598638094ccc,6ad305d9-673d-47eb-8d81-e4760f90de4a,DISPATCHED,DELIVERED,2025-12-23T11:32:00Z,purchasing.mgr,Manoj Das,Fulfillment status updated to DELIVERED,2025-12-05T09:32:00Z,fulfillment.ops,2025-12-23T11:32:00Z,finance.team
74b834e2-fb52-48e1-8589-e76758909217,bcc33055-1998-446a-812c-226bae896988,DISPATCHED,DELIVERED,2026-01-26T13:17:00Z,finance.team,Deepa Mishra,Fulfillment status updated to DELIVERED,2026-01-11T08:17:00Z,onboarding.team,2026-01-26T13:17:00Z,finance.team
e650aca9-332a-4b80-bcc3-402ad2db17b1,a3ea4d13-2ca3-4c9f-bb5e-f3e9cfd74141,DISPATCHED,DELIVERED,2026-01-22T09:17:00Z,dealer360.admin,Deepa Mishra,Fulfillment status updated to DELIVERED,2026-01-14T08:17:00Z,fulfillment.ops,2026-01-22T09:17:00Z,sales.ops
0c660d47-50ce-497d-bdc9-bfed6025c0cf,b16a6c62-408a-43d8-af77-f65689cc91f7,DISPATCHED,DELIVERED,2025-12-04T08:34:00Z,fulfillment.ops,Sanjay Agarwal,Fulfillment status updated to DELIVERED,2025-11-24T07:34:00Z,system,2025-12-04T08:34:00Z,dealer360.admin
d398ee22-e85b-4a49-a753-3bf345064bf6,4e8b5131-7cc3-4ac4-83d0-bae27c745811,DISPATCHED,DELIVERED,2025-12-14T10:34:00Z,onboarding.team,Sanjay Agarwal,Fulfillment status updated to DELIVERED,2025-11-27T07:34:00Z,finance.team,2025-12-14T10:34:00Z,dealer360.admin
a7c87fb4-2eec-4f75-91c9-c033093bd6ee,08c9ed24-80ba-4586-ada4-c4445de9769a,ALLOCATED,DISPATCHED,2026-02-14T08:55:00Z,system,Nisha Bose,Fulfillment status updated to DISPATCHED,2026-02-11T05:55:00Z,credit.controller,2026-02-14T08:55:00Z,onboarding.team
ebbce4d9-eacd-4269-8332-0987c55dd684,88a27d7b-a9fc-43e7-90e3-d1c75107737d,ALLOCATED,DISPATCHED,2026-02-28T06:55:00Z,onboarding.team,Nisha Bose,Fulfillment status updated to DISPATCHED,2026-02-14T05:55:00Z,sales.ops,2026-02-28T06:55:00Z,finance.team
43fa475e-9928-4f81-8901-4763eb3d1f79,33c19dee-1d3a-4f06-88a0-76af59254fe1,ALLOCATED,DISPATCHED,2026-05-17T11:02:00Z,purchasing.mgr,Ravi Naidu,Fulfillment status updated to DISPATCHED,2026-05-05T06:02:00Z,fulfillment.ops,2026-05-17T11:02:00Z,system
9fcbdca6-fee8-4f47-8f6e-68094b8954fe,2e97871d-e2c3-4b89-82db-45ec78153c2b,ALLOCATED,DISPATCHED,2026-05-13T13:02:00Z,onboarding.team,Ravi Naidu,Fulfillment status updated to DISPATCHED,2026-05-08T06:02:00Z,system,2026-05-13T13:02:00Z,fulfillment.ops
45d297e3-7c35-4c5a-8a8b-3da8a9f06be6,657ebf2e-09f9-4fc9-b4c0-f23de8b63d52,ALLOCATED,ALLOCATED,2026-04-10T03:31:00Z,dealer360.admin,Shalini Bhat,Fulfillment status updated to ALLOCATED,2026-04-07T02:31:00Z,finance.team,2026-04-10T03:31:00Z,purchasing.mgr
c9f4ff6d-573d-4d53-9d1b-360c31576839,768cf35b-74fe-4e6f-8075-bd0e29a99efc,ALLOCATED,ALLOCATED,2026-02-19T05:33:00Z,onboarding.team,Arjun Sharma,Fulfillment status updated to ALLOCATED,2026-02-10T01:33:00Z,finance.team,2026-02-19T05:33:00Z,dealer360.admin
058f94a5-b693-4943-81f1-15d8b1eae76c,ca244a86-22b3-4d91-86d0-06df404accb1,DISPATCHED,DELIVERED,2026-02-25T04:29:00Z,credit.controller,Meera Gupta,Fulfillment status updated to DELIVERED,2026-02-25T04:29:00Z,credit.controller,2026-02-25T04:29:00Z,finance.team
78775758-6e47-4c0e-a81b-6ea97184cc9f,3e7d01e1-6593-491f-8293-f8b6d60a7125,ALLOCATED,DISPATCHED,2026-05-12T15:10:00Z,fulfillment.ops,Aditya Verma,Fulfillment status updated to DISPATCHED,2026-04-22T08:10:00Z,finance.team,2026-05-12T15:10:00Z,sales.ops