ID,dealer_ID,product_ID,priceType,previousPrice,newPrice,currency,previousDiscountPercentage,newDiscountPercentage,changedAt,changedByUserId,reason,createdAt,createdBy,modifiedAt,modifiedBy
14615d48-2f90-427e-b5d0-4333332ae5d4,37b4babf-6f65-47f0-a0fe-3a4b971961b5,fdfd8e93-cf32-40bf-9a6a-a9a591a0f9b8,BASE_PRICE,185280.00,193000.00,INR,0.00,0.00,2026-01-09T09:35:00Z,purchasing.mgr,Annual price revision due to input cost and freight increase,2026-01-01T05:35:00Z,sales.ops,2026-01-09T09:35:00Z,onboarding.team
3a8997e2-b113-4984-a74d-25babe4b1e1b,,ac05facd-af60-4de8-b34d-fe589e504ae7,BASE_PRICE,191040.00,199000.00,INR,0.00,0.00,2025-12-15T09:49:00Z,purchasing.mgr,Annual price revision due to input cost and freight increase,2025-12-11T05:49:00Z,dealer360.admin,2025-12-15T09:49:00Z,purchasing.mgr
09b6f3d6-1c63-4c71-8ca5-b9df8e532afd,,c9230c2e-9c75-4cbc-897f-47cae21c6f1f,BASE_PRICE,277440.00,289000.00,INR,0.00,0.00,2025-10-05T09:59:00Z,purchasing.mgr,Annual price revision due to input cost and freight increase,2025-09-21T05:59:00Z,system,2025-10-05T09:59:00Z,credit.controller
5db54d47-976f-4603-9628-74288c0f3c00,,68fab7d2-63cb-4bed-9669-86a79995f31a,BASE_PRICE,143040.00,149000.00,INR,0.00,0.00,2025-11-08T12:17:00Z,purchasing.mgr,Annual price revision due to input cost and freight increase,2025-10-22T08:17:00Z,finance.team,2025-11-08T12:17:00Z,sales.ops
24c0c27b-a3b0-460b-a638-4648f2a7fbd3,17acb60a-8bea-4d3e-87a2-b09cea5883ce,feccc697-a0b3-4d0f-a703-9e7bd7464c67,BASE_PRICE,307200.00,320000.00,INR,0.00,0.00,2026-01-30T11:15:00Z,purchasing.mgr,Annual price revision due to input cost and freight increase,2026-01-29T03:15:00Z,credit.controller,2026-01-30T11:15:00Z,credit.controller
5b7fbbcc-e662-4fe7-bd5c-0390c1a702a8,,0ae20383-60cf-42df-8a2f-1315aecb4254,BASE_PRICE,297600.00,310000.00,INR,0.00,0.00,2025-09-24T08:26:00Z,purchasing.mgr,Annual price revision due to input cost and freight increase,2025-09-14T01:26:00Z,sales.ops,2025-09-24T08:26:00Z,finance.team
f05918f7-ddd0-42a5-a2cd-2eb57fe369a1,,a6d03314-5d3d-4b7b-a5c5-db2fd1e0769f,BASE_PRICE,335040.00,349000.00,INR,0.00,0.00,2025-09-07T14:59:00Z,purchasing.mgr,Annual price revision due to input cost and freight increase,2025-09-02T08:59:00Z,system,2025-09-07T14:59:00Z,system
7a1fa064-7254-4ee1-a916-d6e8c5ba0a87,,133e2718-5f1f-498a-97cc-f41f28e3b343,BASE_PRICE,194880.00,203000.00,INR,0.00,0.00,2025-10-31T04:20:00Z,purchasing.mgr,Annual price revision due to input cost and freight increase,2025-10-22T04:20:00Z,sales.ops,2025-10-31T04:20:00Z,credit.controller
30adb343-ec03-4bec-9e5f-7f01e623c24b,f07a0c9a-cec2-4461-87e0-df0b06326677,eee37578-05a4-4797-850f-5b364e75c4e5,BASE_PRICE,166080.00,173000.00,INR,0.00,0.00,2026-01-20T06:58:00Z,purchasing.mgr,Annual price revision due to input cost and freight increase,2026-01-15T00:58:00Z,finance.team,2026-01-20T06:58:00Z,dealer360.admin
22301049-f195-4106-a31a-7f14b43765cf,,3f7b7500-3aa3-436c-8627-ff7d5512f37c,BASE_PRICE,344640.00,359000.00,INR,0.00,0.00,2025-12-20T07:11:00Z,purchasing.mgr,Annual price revision due to input cost and freight increase,2025-12-11T07:11:00Z,dealer360.admin,2025-12-20T07:11:00Z,purchasing.mgr
b1cbe49a-bd64-4934-abb2-e514d77d1268,,cea33d2c-6617-4b1e-a8b2-f84a007f5ff0,BASE_PRICE,432.00,450.00,INR,0.00,0.00,2026-02-03T13:06:00Z,purchasing.mgr,Annual price revision due to input cost and freight increase,2026-01-24T09:06:00Z,system,2026-02-03T13:06:00Z,system
465cdcb1-86a9-4aa9-9a3d-d846e11f7c27,,3096e696-591e-40f5-8f14-f5e30e846cc8,BASE_PRICE,3072.00,3200.00,INR,0.00,0.00,2025-10-13T11:29:00Z,purchasing.mgr,Annual price revision due to input cost and freight increase,2025-10-05T08:29:00Z,sales.ops,2025-10-13T11:29:00Z,fulfillment.ops
e5527420-4d7b-4284-87d7-bef004c37dfd,3aba12b5-0499-48cb-88c1-a61a7274ae6b,cb8ce79a-e2eb-4704-8c78-82f6461c6e89,BASE_PRICE,4320.00,4500.00,INR,0.00,0.00,2025-10-20T09:41:00Z,purchasing.mgr,Annual price revision due to input cost and freight increase,2025-10-12T07:41:00Z,dealer360.admin,2025-10-20T09:41:00Z,fulfillment.ops
3db25502-f473-455e-9ad8-f3c9c1f21e28,,5970ffd3-ece6-4ad6-814b-3fd7e9a74148,BASE_PRICE,6528.00,6800.00,INR,0.00,0.00,2025-11-21T11:43:00Z,purchasing.mgr,Annual price revision due to input cost and freight increase,2025-11-15T09:43:00Z,onboarding.team,2025-11-21T11:43:00Z,onboarding.team
31436f7e-f115-462c-a173-f12acb78e642,,b69b640e-ea44-4644-9480-a3d37d48979f,BASE_PRICE,14400.00,15000.00,INR,0.00,0.00,2026-01-22T06:05:00Z,purchasing.mgr,Annual price revision due to input cost and freight increase,2026-01-10T05:05:00Z,finance.team,2026-01-22T06:05:00Z,finance.team
a57999d6-f9e1-40ba-8a6f-b83d675e1e30,,074e74a0-a08b-4552-8934-c785894750b4,BASE_PRICE,4992.00,5200.00,INR,0.00,0.00,2026-01-08T05:59:00Z,purchasing.mgr,Annual price revision due to input cost and freight increase,2026-01-01T05:59:00Z,purchasing.mgr,2026-01-08T05:59:00Z,onboarding.team
95051887-1a58-4963-bc8d-c6fafbb6bc09,1184c8e2-8bef-4a13-b226-ff62975c6526,9a88bb0b-43b8-4147-b027-0ca1cdced307,BASE_PRICE,4032.00,4200.00,INR,0.00,0.00,2025-11-08T12:48:00Z,purchasing.mgr,Annual price revision due to input cost and freight increase,2025-10-31T07:48:00Z,purchasing.mgr,2025-11-08T12:48:00Z,dealer360.admin
6bd9b7f6-4db2-4911-b7bb-c75e0c42a521,,995fe1f7-b283-4f81-b53a-359d3862b739,BASE_PRICE,1728.00,1800.00,INR,0.00,0.00,2025-11-13T05:44:00Z,purchasing.mgr,Annual price revision due to input cost and freight increase,2025-11-06T05:44:00Z,sales.ops,2025-11-13T05:44:00Z,system
451df0a3-d519-4ebd-a4e6-77b22d14b434,,f02c1f93-f492-4208-a51e-bb6831cd79bd,BASE_PRICE,8160.00,8500.00,INR,0.00,0.00,2025-12-04T06:25:00Z,purchasing.mgr,Annual price revision due to input cost and freight increase,2025-11-18T02:25:00Z,sales.ops,2025-12-04T06:25:00Z,purchasing.mgr
dd8c02b1-b182-464e-a998-745f22a46a3f,,18a98bf6-7b8f-4aed-841e-f3eccab1f856,BASE_PRICE,6240.00,6500.00,INR,0.00,0.00,2025-12-11T11:14:00Z,purchasing.mgr,Annual price revision due to input cost and freight increase,2025-12-04T09:14:00Z,system,2025-12-11T11:14:00Z,finance.team